age,sex,workclass,fnlwgt,education,hours_per_week,label
58,Male,Private,164194,HS-grad,34,>50K
65,Male,Gov,305929,Bachelors,57,<=50K
20,Male,Private,134629,HS-grad,52,>50K
53,Male,Gov,360726,Some-college,54,<=50K
32,Female,Gov,165852,Bachelors,30,<=50K
39,Female,Private,132886,11th,26,>50K
42,Male,Self-emp,200331,Assoc,36,>50K
64,Female,Gov,85444,Masters,25,<=50K
58,Female,Gov,120814,Some-college,24,>50K
60,Male,Self-emp,61833,HS-grad,26,<=50K
35,Female,Gov,211277,HS-grad,43,<=50K
31,Female,Gov,378375,Some-college,24,>50K
52,Male,Private,262357,Masters,37,>50K
61,Female,Private,140087,Bachelors,40,<=50K
35,Male,Private,317365,Some-college,40,>50K
59,Female,Self-emp,357039,Masters,29,<=50K
26,Male,Gov,314318,Assoc,36,<=50K
55,Female,Self-emp,134987,HS-grad,52,<=50K
23,Male,Private,100132,Some-college,30,<=50K
56,Male,Self-emp,220078,Assoc,49,<=50K
53,Male,Gov,397865,Bachelors,54,<=50K
59,Female,Private,173878,Masters,30,<=50K
18,Female,Gov,113665,Assoc,26,<=50K
58,Male,Private,216038,HS-grad,54,>50K
56,Female,Self-emp,30211,Bachelors,43,<=50K
33,Male,Private,317458,Bachelors,25,<=50K
22,Male,Private,365899,Masters,55,>50K
34,Female,Private,302746,Some-college,32,<=50K
43,Female,Self-emp,291358,Masters,27,>50K
32,Male,Self-emp,31028,Assoc,55,>50K
55,Male,Private,57220,Some-college,60,>50K
32,Male,Private,193239,Bachelors,52,>50K
35,Female,Private,302713,HS-grad,56,<=50K
33,Female,Self-emp,119829,Bachelors,26,<=50K
40,Female,Self-emp,264855,Some-college,23,>50K
21,Female,Gov,197892,Bachelors,35,>50K
30,Female,Private,241187,HS-grad,37,<=50K
33,Male,Self-emp,308528,Bachelors,23,>50K
23,Male,Private,233078,Masters,50,>50K
43,Male,Private,218691,Bachelors,44,<=50K
47,Female,Self-emp,385214,Some-college,55,<=50K
27,Male,Self-emp,134137,Bachelors,57,>50K
65,Female,Private,46289,Assoc,50,>50K
21,Male,Private,55924,Assoc,24,>50K
43,Male,Gov,149087,Assoc,58,>50K
57,Male,Self-emp,364652,Assoc,56,<=50K
34,Male,Gov,395490,11th,35,<=50K
43,Male,Gov,358428,11th,49,<=50K
22,Male,Self-emp,345666,Assoc,26,>50K
52,Male,Gov,159041,HS-grad,42,>50K
33,Female,Self-emp,102704,Masters,54,<=50K
57,Male,Gov,310771,11th,26,>50K
34,Male,Private,310048,HS-grad,37,<=50K
56,Male,Gov,199768,HS-grad,60,<=50K
50,Female,Self-emp,46633,Bachelors,60,<=50K
35,Male,Private,194879,HS-grad,60,<=50K
28,Female,Gov,389972,Masters,55,>50K
25,Male,Gov,98147,Assoc,22,<=50K
55,Male,Self-emp,86818,Bachelors,39,<=50K
20,Female,Private,377599,HS-grad,26,<=50K
53,Female,Gov,101030,HS-grad,30,>50K
44,Male,Private,194160,Masters,35,<=50K
28,Male,Self-emp,40302,Masters,34,>50K
47,Female,Self-emp,139325,HS-grad,21,>50K
43,Female,Self-emp,56396,11th,42,<=50K
61,Female,Private,80472,11th,31,<=50K
20,Male,Gov,247836,11th,40,<=50K
56,Male,Self-emp,322298,HS-grad,36,>50K
63,Female,Private,292587,Assoc,32,<=50K
45,Male,Gov,193119,Assoc,40,>50K
64,Female,Gov,182154,Some-college,46,<=50K
43,Female,Gov,86735,HS-grad,46,<=50K
61,Male,Gov,318375,11th,45,>50K
37,Female,Private,245385,Assoc,58,<=50K
47,Female,Self-emp,374223,HS-grad,52,<=50K
65,Male,Gov,64457,11th,52,<=50K
23,Male,Gov,182749,HS-grad,32,>50K
19,Male,Private,269108,Assoc,24,<=50K
44,Male,Gov,385090,Masters,51,<=50K
33,Male,Gov,380512,Bachelors,26,<=50K
32,Male,Gov,291559,Masters,23,>50K
25,Female,Private,263606,Some-college,53,<=50K
46,Female,Gov,253787,HS-grad,50,<=50K
34,Male,Gov,165391,Assoc,51,>50K
35,Female,Private,394103,11th,35,<=50K
39,Female,Gov,62245,HS-grad,29,>50K
42,Male,Gov,132172,Bachelors,46,<=50K
39,Female,Self-emp,52645,HS-grad,46,<=50K
55,Male,Gov,219429,Masters,20,<=50K
37,Female,Self-emp,302182,Some-college,54,>50K
49,Male,Self-emp,248503,Masters,21,<=50K
39,Female,Gov,106530,Masters,28,>50K
43,Male,Private,356985,Masters,28,<=50K
29,Male,Self-emp,218759,11th,33,<=50K
38,Female,Self-emp,165886,Masters,36,>50K
48,Male,Gov,302810,Bachelors,42,>50K
59,Male,Gov,41106,Bachelors,35,>50K
19,Male,Private,86176,Masters,27,>50K
47,Female,Self-emp,107969,Assoc,58,>50K
28,Female,Private,323397,Bachelors,39,<=50K
43,Male,Private,330429,Some-college,60,>50K
24,Female,Gov,334788,Bachelors,56,>50K
40,Female,Gov,214285,Bachelors,52,<=50K
18,Female,Self-emp,75332,Masters,43,<=50K
63,Male,Self-emp,112346,Some-college,53,<=50K
57,Female,Self-emp,248366,Some-college,57,<=50K
38,Male,Private,166238,Masters,35,<=50K
54,Female,Self-emp,35047,Masters,40,>50K
49,Male,Self-emp,155451,11th,37,<=50K
53,Male,Gov,120168,Bachelors,35,<=50K
49,Male,Gov,269609,Some-college,51,<=50K
19,Male,Self-emp,136180,Masters,35,<=50K
60,Female,Self-emp,310179,Assoc,42,<=50K
65,Female,Self-emp,388498,Masters,37,<=50K
34,Male,Private,398160,HS-grad,40,>50K
65,Male,Private,133447,Some-college,50,<=50K
64,Female,Private,121773,11th,34,<=50K
29,Female,Private,391205,Assoc,28,<=50K
20,Male,Gov,173163,Some-college,28,<=50K
24,Male,Gov,169075,Masters,50,<=50K
39,Male,Private,152371,Masters,27,>50K
43,Female,Private,322525,Some-college,23,>50K
27,Female,Private,150123,Bachelors,55,<=50K
56,Male,Gov,219427,Masters,48,<=50K
55,Female,Self-emp,318125,Assoc,23,>50K
31,Male,Self-emp,366254,Bachelors,30,>50K
29,Male,Private,21402,Masters,48,<=50K
36,Male,Private,171049,Some-college,38,<=50K
22,Male,Self-emp,347710,Assoc,32,<=50K
25,Male,Gov,98113,11th,29,>50K
21,Male,Self-emp,331974,Some-college,56,<=50K
46,Male,Self-emp,381065,11th,45,<=50K
50,Female,Self-emp,62174,Assoc,22,<=50K
65,Female,Gov,151264,Bachelors,25,>50K
61,Male,Gov,161301,Assoc,22,>50K
48,Female,Self-emp,115152,Assoc,47,<=50K
23,Female,Self-emp,234092,11th,40,>50K
28,Female,Self-emp,383684,Masters,38,<=50K
53,Male,Self-emp,66168,11th,36,<=50K
25,Female,Gov,20603,Some-college,54,<=50K
44,Male,Private,291811,11th,59,<=50K
58,Female,Private,126723,11th,55,>50K
36,Female,Gov,274128,Bachelors,21,>50K
63,Male,Self-emp,308798,Bachelors,55,<=50K
23,Male,Private,261931,Bachelors,29,<=50K
63,Female,Gov,389838,11th,46,<=50K
48,Male,Self-emp,309021,HS-grad,44,>50K
56,Male,Private,164833,Masters,41,<=50K
18,Female,Gov,176529,Assoc,57,<=50K
27,Female,Gov,273934,11th,41,<=50K
47,Female,Private,385690,HS-grad,56,<=50K
32,Female,Private,186816,Some-college,50,<=50K
42,Male,Self-emp,39408,HS-grad,52,<=50K
24,Female,Private,295749,Masters,20,>50K
44,Male,Private,266148,11th,41,<=50K
59,Male,Self-emp,373557,Assoc,44,<=50K
58,Female,Gov,38821,Assoc,24,>50K
58,Female,Private,67384,Masters,26,>50K
46,Male,Gov,177006,Bachelors,22,<=50K
21,Female,Self-emp,216524,Masters,29,>50K
51,Female,Gov,377459,HS-grad,30,>50K
23,Female,Gov,378159,HS-grad,51,>50K
32,Female,Gov,153157,Masters,36,>50K
47,Female,Gov,306574,HS-grad,24,<=50K
40,Female,Gov,242460,Some-college,36,<=50K
37,Male,Self-emp,273340,Bachelors,35,<=50K
54,Female,Gov,175122,Some-college,38,>50K
60,Female,Self-emp,24245,Assoc,23,<=50K
36,Male,Gov,204717,HS-grad,60,>50K
57,Female,Gov,397974,Some-college,28,>50K
58,Male,Self-emp,251118,Bachelors,57,<=50K
64,Male,Private,174722,11th,46,>50K
30,Male,Gov,211814,Assoc,52,<=50K
28,Female,Self-emp,174739,Some-college,41,>50K
47,Male,Private,138287,Some-college,45,<=50K
23,Female,Private,158652,Assoc,27,<=50K
41,Female,Gov,219767,Some-college,43,>50K
61,Male,Self-emp,33120,Assoc,55,<=50K
57,Male,Gov,53143,Some-college,49,<=50K
59,Female,Private,93283,Bachelors,22,<=50K
49,Male,Private,143102,Assoc,28,<=50K
47,Female,Gov,385158,Assoc,46,>50K
44,Male,Self-emp,342779,Masters,37,>50K
62,Female,Private,252460,Masters,35,<=50K
24,Female,Gov,358074,11th,23,<=50K
35,Male,Private,258402,Bachelors,33,>50K
21,Female,Private,86020,Assoc,33,>50K
53,Male,Gov,133220,HS-grad,41,>50K
56,Male,Self-emp,95858,HS-grad,54,<=50K
29,Male,Gov,33516,HS-grad,20,<=50K
33,Female,Private,111355,11th,23,>50K
65,Female,Gov,79584,Some-college,24,<=50K
46,Female,Gov,331251,Bachelors,48,>50K
57,Male,Gov,365454,Assoc,39,<=50K
59,Male,Private,271124,Masters,47,>50K
49,Female,Private,62357,11th,58,>50K
22,Male,Self-emp,347322,Some-college,57,<=50K
42,Female,Self-emp,285054,Assoc,47,>50K
62,Male,Gov,361267,Assoc,33,<=50K
46,Male,Self-emp,197697,Masters,45,<=50K
64,Male,Self-emp,243747,11th,36,<=50K
27,Female,Private,67828,Bachelors,25,<=50K
24,Female,Private,311698,Bachelors,57,<=50K
60,Male,Self-emp,205387,Some-college,47,>50K
36,Female,Self-emp,74316,Assoc,52,>50K
27,Female,Private,76737,11th,55,<=50K
25,Female,Gov,138572,Masters,55,>50K
56,Female,Private,114589,11th,39,<=50K
40,Male,Private,95105,Assoc,45,>50K
27,Male,Private,298125,HS-grad,44,<=50K
47,Female,Private,214014,11th,40,>50K
21,Male,Private,343925,Bachelors,25,<=50K
46,Female,Self-emp,338282,Masters,46,<=50K
31,Male,Self-emp,245398,Bachelors,38,<=50K
51,Female,Private,135615,Masters,58,>50K
18,Male,Self-emp,130747,HS-grad,36,<=50K
38,Male,Private,280773,Some-college,47,>50K
26,Female,Gov,388926,HS-grad,52,<=50K
22,Female,Gov,42178,Masters,21,<=50K
22,Female,Gov,245068,Assoc,45,<=50K
36,Male,Self-emp,30934,11th,30,<=50K
62,Female,Private,248962,Bachelors,35,<=50K
55,Female,Gov,61233,Masters,39,<=50K
32,Female,Private,60044,Assoc,60,>50K
51,Male,Self-emp,204077,Some-college,29,>50K
24,Male,Self-emp,123427,HS-grad,58,>50K
59,Male,Private,349226,Masters,49,<=50K
61,Female,Gov,185747,HS-grad,48,>50K
48,Female,Gov,178765,11th,57,>50K
40,Male,Self-emp,262086,Masters,22,>50K
41,Female,Private,357990,Bachelors,59,<=50K
47,Male,Self-emp,319712,Some-college,32,<=50K
56,Female,Gov,99094,Bachelors,48,>50K
39,Male,Gov,358756,HS-grad,22,>50K
63,Female,Self-emp,294762,Assoc,59,>50K
41,Female,Self-emp,223117,Masters,41,>50K
58,Female,Private,192852,Bachelors,55,<=50K
36,Female,Gov,364228,Assoc,29,<=50K
23,Male,Self-emp,182650,Some-college,45,>50K
56,Male,Self-emp,313036,Masters,41,>50K
60,Male,Gov,371512,Masters,52,<=50K
19,Female,Self-emp,114509,HS-grad,41,<=50K
30,Male,Private,101235,Bachelors,38,>50K
50,Male,Gov,196561,Assoc,28,<=50K
27,Male,Private,383250,Assoc,30,<=50K
20,Female,Self-emp,374608,Some-college,35,<=50K
57,Female,Gov,255367,HS-grad,54,>50K
37,Female,Private,212854,Some-college,56,<=50K
47,Female,Self-emp,283667,Assoc,46,>50K
30,Male,Self-emp,47357,Some-college,50,<=50K
53,Male,Gov,290485,Bachelors,38,>50K
28,Female,Self-emp,289144,HS-grad,47,>50K
32,Female,Self-emp,33982,Masters,23,<=50K
50,Female,Private,222462,Bachelors,43,>50K
19,Female,Private,394710,Some-college,41,>50K
26,Male,Self-emp,267702,Some-college,28,<=50K
46,Male,Private,29963,11th,33,>50K
53,Female,Private,171048,HS-grad,39,>50K
21,Male,Self-emp,354994,Assoc,49,>50K
25,Female,Gov,301046,Bachelors,60,>50K
63,Male,Self-emp,245044,Bachelors,59,<=50K
33,Female,Private,368321,Some-college,25,<=50K
22,Male,Self-emp,266486,Bachelors,60,<=50K
41,Female,Gov,28515,11th,24,<=50K
33,Male,Gov,194335,HS-grad,22,<=50K
52,Female,Gov,111797,Some-college,49,<=50K
58,Male,Private,53082,Some-college,49,>50K
36,Male,Private,124579,Bachelors,40,<=50K
50,Female,Gov,268197,11th,22,>50K
36,Female,Private,363792,11th,37,>50K
41,Female,Self-emp,250548,Masters,41,>50K
49,Female,Self-emp,292250,11th,25,<=50K
23,Female,Gov,114611,Assoc,38,<=50K
24,Male,Self-emp,366512,11th,39,<=50K
56,Female,Private,381635,Masters,42,<=50K
20,Female,Gov,248034,11th,60,>50K
22,Female,Self-emp,289004,Some-college,30,>50K
27,Female,Private,86180,Bachelors,35,<=50K
41,Female,Gov,36979,Assoc,29,<=50K
41,Female,Self-emp,60310,Assoc,28,<=50K
43,Female,Gov,166113,HS-grad,27,>50K
65,Male,Self-emp,291447,Masters,55,>50K
34,Female,Gov,253975,HS-grad,59,<=50K
62,Female,Private,84297,HS-grad,24,<=50K
29,Female,Private,377527,11th,42,>50K
53,Female,Self-emp,102578,Some-college,60,>50K
41,Male,Private,125371,HS-grad,35,<=50K
19,Female,Gov,320038,11th,49,>50K
57,Male,Private,182157,Masters,50,<=50K
44,Male,Private,186213,Some-college,24,<=50K
47,Female,Private,309041,Some-college,57,>50K
26,Female,Gov,49052,Bachelors,53,>50K
37,Male,Private,189167,Some-college,34,<=50K
51,Female,Private,151389,HS-grad,60,<=50K
26,Female,Gov,299696,Bachelors,52,>50K
55,Male,Private,365365,Assoc,58,<=50K
54,Male,Private,62584,Bachelors,56,<=50K
59,Male,Gov,238411,Assoc,60,>50K
49,Female,Gov,178384,Masters,35,<=50K
37,Female,Private,381031,Bachelors,30,<=50K
44,Female,Self-emp,126966,11th,58,>50K
38,Female,Gov,201073,Masters,28,<=50K
50,Male,Self-emp,146740,Masters,27,<=50K
46,Male,Private,70757,Bachelors,38,<=50K
57,Female,Private,103728,11th,56,<=50K
30,Male,Self-emp,289864,Masters,51,<=50K
49,Male,Private,226172,Assoc,49,>50K
31,Female,Private,46497,11th,51,<=50K
36,Male,Private,245930,HS-grad,36,<=50K
43,Female,Private,230020,Bachelors,56,>50K
41,Female,Private,222558,Assoc,48,<=50K
57,Male,Private,70688,Masters,43,<=50K
53,Female,Private,124363,Assoc,52,<=50K
50,Male,Private,40402,HS-grad,41,<=50K
51,Female,Private,337855,Assoc,28,<=50K
57,Female,Private,226021,Assoc,39,<=50K
50,Female,Gov,315134,11th,50,>50K
41,Female,Gov,77464,Masters,57,<=50K
64,Male,Gov,268821,11th,57,>50K
64,Male,Gov,271893,HS-grad,53,<=50K
27,Male,Private,320191,Some-college,27,>50K
19,Female,Self-emp,239561,HS-grad,46,>50K
44,Female,Gov,52653,Some-college,28,>50K
53,Female,Gov,270804,Assoc,44,<=50K
29,Female,Gov,199477,Assoc,42,<=50K
57,Female,Private,149247,11th,55,<=50K
32,Female,Self-emp,389571,HS-grad,51,<=50K
48,Female,Gov,398359,11th,38,>50K
54,Female,Self-emp,200949,HS-grad,38,>50K
36,Male,Self-emp,251932,Some-college,36,<=50K
31,Male,Gov,162151,Assoc,37,>50K
24,Male,Private,46615,Some-college,53,>50K
58,Male,Private,72532,Masters,41,<=50K
24,Male,Private,308543,HS-grad,46,<=50K
48,Male,Self-emp,188384,11th,23,>50K
59,Male,Gov,399121,Bachelors,31,<=50K
29,Male,Self-emp,279723,HS-grad,38,>50K
18,Female,Gov,336031,Bachelors,41,<=50K
47,Female,Private,284352,Masters,37,>50K
25,Female,Private,260603,Some-college,36,>50K
18,Female,Self-emp,317680,Some-college,32,>50K
57,Female,Self-emp,290155,11th,25,<=50K
60,Male,Private,93721,Masters,40,>50K
18,Female,Self-emp,143480,Masters,37,<=50K
37,Male,Self-emp,362718,11th,35,>50K
60,Male,Self-emp,180854,HS-grad,45,<=50K
62,Male,Gov,174684,11th,59,>50K
32,Male,Self-emp,100313,Masters,58,<=50K
44,Female,Gov,368176,HS-grad,35,>50K
51,Female,Gov,388976,11th,24,>50K
21,Male,Gov,301364,HS-grad,30,<=50K
51,Female,Private,376670,HS-grad,57,<=50K
23,Female,Private,257729,HS-grad,52,<=50K
47,Male,Gov,262419,Some-college,39,>50K
43,Female,Private,134243,Assoc,24,>50K
45,Female,Gov,53428,Assoc,23,>50K
48,Male,Self-emp,234364,HS-grad,28,<=50K
41,Female,Self-emp,217916,Masters,25,>50K
59,Female,Private,113571,Assoc,45,>50K
64,Male,Private,31919,11th,49,<=50K
52,Female,Private,149767,Masters,42,>50K
35,Male,Gov,79163,Bachelors,46,>50K
33,Male,Private,72898,Assoc,22,<=50K
56,Male,Private,43192,Masters,48,>50K
52,Male,Private,93471,Assoc,38,>50K
64,Female,Gov,333481,Some-college,40,>50K
37,Male,Gov,293285,HS-grad,46,<=50K
35,Male,Gov,330203,Some-college,31,<=50K
53,Female,Private,200572,Some-college,44,<=50K
62,Female,Self-emp,98233,11th,44,>50K
52,Female,Private,138145,11th,29,<=50K
21,Female,Self-emp,312178,Assoc,28,<=50K
33,Female,Private,193152,Some-college,25,<=50K
41,Male,Gov,399891,HS-grad,23,<=50K
42,Male,Private,118651,Assoc,55,>50K
48,Male,Self-emp,178957,Bachelors,33,>50K
65,Male,Gov,271092,HS-grad,58,>50K
43,Male,Gov,188618,11th,44,<=50K
52,Female,Self-emp,157133,11th,52,<=50K
47,Male,Gov,266148,11th,33,<=50K
38,Female,Private,314924,HS-grad,29,>50K
34,Female,Self-emp,99907,HS-grad,41,>50K
42,Male,Self-emp,308695,Some-college,41,<=50K
49,Female,Self-emp,108202,Some-college,42,>50K
26,Female,Private,304235,Some-college,23,>50K
22,Male,Private,236212,HS-grad,60,>50K
22,Male,Private,134672,Assoc,49,<=50K
21,Female,Gov,275776,Bachelors,20,<=50K
18,Male,Gov,398636,11th,54,<=50K
19,Female,Private,76107,Bachelors,53,>50K
33,Male,Gov,296014,11th,42,<=50K
43,Male,Self-emp,232875,Masters,56,>50K
62,Male,Self-emp,378634,Bachelors,22,>50K
43,Female,Self-emp,309774,Masters,23,>50K
62,Male,Private,282069,Masters,41,>50K
51,Male,Private,130843,Some-college,56,<=50K
35,Male,Private,378837,11th,54,>50K
29,Female,Private,128610,Assoc,29,<=50K
22,Female,Private,315676,HS-grad,56,<=50K
61,Female,Self-emp,93374,Some-college,25,<=50K
21,Male,Self-emp,141710,Bachelors,41,<=50K
38,Male,Gov,163302,Masters,51,>50K
40,Female,Self-emp,117380,Some-college,57,<=50K
23,Female,Private,393874,Bachelors,25,<=50K
27,Female,Gov,352346,HS-grad,44,<=50K
41,Male,Private,22723,11th,48,<=50K
35,Male,Private,65768,HS-grad,47,<=50K
53,Female,Private,33768,Bachelors,42,>50K
56,Female,Self-emp,26470,11th,46,<=50K
23,Male,Gov,293208,HS-grad,44,>50K
26,Female,Self-emp,160722,Masters,29,>50K
28,Female,Self-emp,240778,11th,50,>50K
41,Female,Private,397958,Some-college,51,>50K
47,Male,Private,179728,Bachelors,45,<=50K
57,Female,Self-emp,250803,11th,47,>50K
37,Female,Gov,384533,HS-grad,50,<=50K
29,Female,Self-emp,172802,Some-college,60,<=50K
54,Male,Self-emp,217161,11th,45,<=50K
25,Male,Gov,306066,HS-grad,55,>50K
64,Female,Gov,129916,Masters,38,>50K
44,Female,Private,352050,11th,35,<=50K
60,Male,Gov,241840,Masters,24,<=50K
56,Female,Gov,230137,Assoc,52,<=50K
52,Male,Self-emp,387858,Assoc,58,>50K
24,Male,Gov,368491,11th,30,>50K
54,Female,Self-emp,245682,Bachelors,20,>50K
34,Male,Gov,291999,Assoc,57,>50K
46,Female,Self-emp,262778,Some-college,57,>50K
40,Male,Self-emp,74813,11th,46,>50K
25,Male,Self-emp,183520,11th,49,>50K
51,Female,Self-emp,269646,Bachelors,48,<=50K
38,Male,Self-emp,43426,Some-college,27,>50K
39,Male,Gov,106168,Some-college,35,>50K
53,Male,Self-emp,313522,Masters,49,>50K
43,Male,Private,355795,Some-college,47,<=50K
19,Male,Self-emp,330485,Masters,44,>50K
63,Male,Private,165932,Some-college,24,>50K
52,Male,Self-emp,190909,HS-grad,49,>50K
34,Female,Gov,355076,11th,58,<=50K
57,Female,Gov,79890,11th,42,<=50K
57,Male,Gov,390141,11th,59,>50K
61,Male,Self-emp,81793,HS-grad,39,>50K
29,Female,Gov,94112,Assoc,44,<=50K
56,Male,Gov,221174,Masters,31,<=50K
58,Male,Gov,107485,Masters,38,>50K
29,Female,Self-emp,344749,Bachelors,42,>50K
49,Male,Private,221297,Assoc,52,<=50K
44,Female,Self-emp,392319,Masters,51,>50K
23,Male,Private,173139,Bachelors,37,>50K
52,Female,Private,259768,Assoc,51,>50K
54,Male,Self-emp,304744,11th,54,>50K
64,Female,Gov,134578,Masters,26,>50K
37,Male,Self-emp,157790,11th,25,<=50K
25,Male,Private,328241,Some-college,42,<=50K
28,Male,Private,128497,Bachelors,56,<=50K
52,Female,Gov,302469,HS-grad,40,<=50K
36,Female,Gov,376148,Bachelors,28,<=50K
21,Female,Gov,86525,Some-college,28,>50K
27,Female,Private,374541,Masters,51,>50K
54,Female,Gov,237173,Masters,48,>50K
58,Male,Self-emp,290329,Some-college,37,<=50K
47,Female,Self-emp,325112,Bachelors,25,<=50K
58,Female,Private,300192,Masters,33,<=50K
31,Female,Self-emp,189274,11th,41,>50K
54,Female,Self-emp,377853,Bachelors,22,>50K
58,Female,Private,85136,HS-grad,48,<=50K
18,Female,Private,381020,HS-grad,39,>50K
35,Male,Gov,208971,11th,25,<=50K
60,Male,Private,227797,Some-college,39,>50K
45,Male,Gov,69903,Bachelors,33,<=50K
22,Male,Gov,138589,Assoc,48,>50K
18,Female,Private,241414,Some-college,28,<=50K
22,Male,Self-emp,66835,Some-college,26,>50K
38,Female,Self-emp,91895,Masters,28,>50K
22,Male,Gov,360797,HS-grad,48,<=50K
64,Male,Gov,99363,Masters,59,<=50K
31,Male,Private,93407,Bachelors,57,<=50K
40,Female,Self-emp,93311,HS-grad,37,>50K
33,Female,Gov,34063,Some-college,39,>50K
51,Male,Gov,225390,11th,23,>50K
49,Female,Private,146396,Masters,60,>50K
51,Male,Self-emp,185922,HS-grad,44,<=50K
41,Male,Self-emp,58268,Bachelors,57,>50K
18,Female,Private,40880,Bachelors,45,<=50K
58,Female,Self-emp,387950,Masters,25,>50K
35,Male,Self-emp,61430,Assoc,33,>50K
52,Female,Self-emp,327461,Some-college,24,<=50K
62,Female,Gov,145114,Bachelors,35,>50K
45,Male,Self-emp,341019,Assoc,23,<=50K
60,Male,Private,26640,Some-college,28,>50K
28,Female,Self-emp,294205,Assoc,36,>50K
41,Male,Gov,160909,Some-college,27,>50K
39,Female,Self-emp,294650,Bachelors,36,>50K
49,Female,Gov,208808,Bachelors,51,>50K
41,Male,Self-emp,73951,Assoc,27,>50K
65,Male,Private,26442,HS-grad,22,<=50K
41,Female,Private,113827,Bachelors,55,<=50K
32,Female,Private,238238,Some-college,40,<=50K
22,Female,Private,283214,Some-college,23,>50K
32,Male,Self-emp,56137,Masters,38,<=50K
38,Male,Gov,259466,Bachelors,43,>50K
36,Female,Gov,346483,HS-grad,49,<=50K
55,Female,Private,306554,HS-grad,29,>50K
44,Male,Private,303925,11th,60,>50K
39,Male,Gov,217276,Some-college,39,>50K
31,Male,Self-emp,277964,Bachelors,29,<=50K
23,Male,Private,292503,Masters,43,<=50K
65,Male,Gov,70109,Assoc,28,<=50K
22,Male,Self-emp,367311,HS-grad,35,<=50K
34,Female,Self-emp,387382,Some-college,40,<=50K
46,Female,Private,59157,HS-grad,28,>50K
27,Male,Private,255702,Masters,40,<=50K
25,Female,Private,256934,11th,49,<=50K
25,Male,Private,379690,11th,58,>50K
31,Female,Private,67821,Some-college,35,<=50K
43,Male,Gov,176678,11th,31,>50K
43,Female,Gov,308421,HS-grad,26,<=50K
24,Male,Private,26268,Bachelors,34,>50K
30,Female,Self-emp,379811,Some-college,25,<=50K
22,Male,Private,123678,Some-college,48,>50K
23,Female,Private,42385,Masters,23,>50K
54,Female,Gov,227093,Masters,21,<=50K
61,Female,Private,205568,HS-grad,31,<=50K
35,Female,Private,38166,Assoc,59,>50K
59,Female,Self-emp,236002,Assoc,50,>50K
23,Female,Self-emp,91951,Masters,32,>50K
58,Male,Self-emp,394011,11th,50,<=50K
40,Female,Self-emp,161786,HS-grad,21,<=50K
56,Male,Private,167289,Bachelors,50,<=50K
55,Male,Private,72499,HS-grad,35,<=50K
52,Male,Private,321828,Masters,42,>50K
29,Male,Gov,186725,Some-college,42,>50K
63,Female,Gov,315492,HS-grad,56,>50K
49,Female,Private,277129,Bachelors,25,>50K
32,Male,Private,296010,Masters,20,<=50K
57,Male,Private,198655,Some-college,31,<=50K
21,Male,Private,327552,Some-college,29,>50K
51,Female,Private,215869,Some-college,45,>50K
39,Female,Self-emp,91539,HS-grad,47,<=50K
59,Female,Private,390767,Assoc,59,<=50K
32,Male,Self-emp,180863,Some-college,38,>50K
29,Male,Gov,320330,Masters,56,>50K
29,Female,Gov,135812,Some-college,56,>50K
49,Male,Self-emp,60793,HS-grad,42,<=50K
28,Male,Gov,371285,Some-college,41,<=50K
18,Female,Private,150831,Some-college,24,<=50K
34,Male,Gov,20671,Bachelors,44,<=50K
64,Female,Private,237065,Masters,44,<=50K
52,Female,Private,271390,Assoc,34,>50K
46,Male,Private,174617,Bachelors,40,<=50K
24,Male,Self-emp,109184,Masters,30,>50K
53,Male,Self-emp,331443,Assoc,50,>50K
45,Male,Gov,247646,HS-grad,23,>50K
39,Male,Private,234580,Some-college,55,<=50K
60,Female,Self-emp,144543,Bachelors,23,<=50K
54,Female,Private,48576,11th,20,<=50K
23,Female,Gov,347727,Assoc,50,>50K
24,Male,Private,109565,Some-college,38,>50K
48,Male,Self-emp,228387,Masters,51,<=50K
23,Female,Private,214521,Masters,43,>50K
46,Male,Self-emp,250550,Masters,36,>50K
35,Male,Private,385151,Some-college,26,>50K
60,Female,Gov,237048,Assoc,34,>50K
42,Female,Gov,380221,Masters,56,>50K
48,Female,Private,226991,Some-college,22,>50K
25,Female,Private,107642,HS-grad,32,>50K
20,Female,Private,378154,Masters,32,>50K
56,Female,Self-emp,55133,Bachelors,44,<=50K
53,Female,Self-emp,292466,Masters,20,<=50K
25,Female,Private,97699,Assoc,57,>50K
24,Male,Self-emp,300826,11th,46,<=50K
42,Female,Gov,339271,Masters,22,>50K
35,Female,Private,344138,Assoc,45,>50K
43,Female,Gov,144559,Bachelors,50,<=50K
41,Male,Self-emp,178888,11th,37,<=50K
62,Male,Private,90456,11th,48,<=50K
35,Female,Gov,358456,Bachelors,32,<=50K
31,Female,Gov,273996,Assoc,43,>50K
50,Male,Private,183118,Some-college,52,<=50K
26,Male,Private,121063,HS-grad,23,>50K
20,Female,Private,208940,Some-college,32,<=50K
41,Female,Gov,228112,Some-college,27,>50K
33,Female,Self-emp,331449,Masters,31,<=50K
55,Female,Self-emp,105728,11th,25,<=50K
19,Female,Private,105410,Assoc,33,>50K
59,Male,Gov,128386,11th,46,>50K
61,Male,Self-emp,89370,Some-college,31,>50K
32,Female,Gov,180148,Some-college,37,<=50K
42,Female,Self-emp,152119,HS-grad,49,<=50K
61,Female,Gov,73641,Bachelors,52,<=50K
53,Female,Self-emp,378829,Bachelors,50,>50K
39,Female,Gov,190465,11th,36,<=50K
30,Male,Gov,145987,Bachelors,58,<=50K
60,Female,Gov,93363,Some-college,21,<=50K
36,Female,Self-emp,232126,Masters,22,>50K
39,Male,Gov,300302,Some-college,50,<=50K
50,Female,Private,364779,Assoc,31,<=50K
24,Female,Private,155608,Some-college,55,>50K
61,Female,Gov,66818,HS-grad,42,>50K
65,Female,Self-emp,193705,11th,36,<=50K
47,Male,Self-emp,48142,Some-college,57,>50K
48,Male,Gov,82818,Some-college,44,<=50K
44,Male,Private,92018,HS-grad,41,<=50K
54,Female,Private,185876,Some-college,31,>50K
49,Female,Gov,112706,11th,60,>50K
18,Female,Self-emp,129776,HS-grad,56,>50K
49,Male,Private,342164,Masters,60,<=50K
43,Female,Self-emp,220968,Bachelors,22,>50K
64,Female,Private,188932,Assoc,32,>50K
61,Male,Gov,150454,HS-grad,42,<=50K
26,Male,Self-emp,283893,Assoc,39,>50K
22,Male,Self-emp,172477,Masters,53,<=50K
45,Male,Self-emp,276994,11th,32,>50K
43,Male,Private,137608,Some-college,28,>50K
64,Male,Gov,284573,HS-grad,27,<=50K
63,Male,Self-emp,355712,11th,54,>50K
56,Male,Gov,76682,Some-college,21,>50K
62,Male,Self-emp,252948,Masters,27,<=50K
48,Male,Private,384480,Some-college,60,>50K
37,Female,Gov,72942,Some-college,53,<=50K
57,Male,Self-emp,75005,Assoc,59,>50K
36,Male,Private,280958,HS-grad,58,>50K
34,Male,Self-emp,388803,Masters,38,>50K
20,Female,Private,380817,Masters,41,>50K
18,Male,Gov,66663,Bachelors,56,<=50K
27,Male,Gov,59346,Some-college,26,<=50K
59,Male,Self-emp,175200,11th,49,>50K
24,Male,Private,172340,11th,40,<=50K
65,Male,Private,44059,Bachelors,28,>50K
39,Female,Self-emp,346005,11th,25,<=50K
39,Male,Private,230122,Masters,49,<=50K
42,Female,Self-emp,360182,HS-grad,27,>50K
62,Male,Private,74375,Masters,57,<=50K
54,Female,Private,340509,Masters,42,>50K
61,Male,Self-emp,275916,Bachelors,46,<=50K
20,Male,Self-emp,363394,11th,20,>50K
60,Female,Gov,294256,Some-college,59,>50K
45,Male,Self-emp,201272,Some-college,44,>50K
53,Male,Private,357326,HS-grad,52,<=50K
49,Male,Private,277765,11th,35,<=50K
35,Male,Gov,136762,Assoc,44,<=50K
33,Male,Self-emp,252882,Assoc,48,>50K
49,Female,Self-emp,82236,Masters,21,>50K
43,Female,Private,312097,Assoc,20,>50K
56,Female,Gov,314824,HS-grad,49,<=50K
41,Male,Private,258267,11th,55,<=50K
63,Female,Gov,257257,Bachelors,26,>50K
18,Female,Self-emp,352220,11th,55,<=50K
62,Male,Private,106064,Masters,28,<=50K
24,Female,Gov,122719,HS-grad,27,<=50K
31,Female,Private,395803,11th,26,<=50K
20,Male,Self-emp,259802,Some-college,57,>50K
49,Male,Gov,45465,Assoc,47,<=50K
50,Male,Gov,323329,HS-grad,28,>50K
42,Female,Gov,221674,Masters,58,>50K
35,Female,Self-emp,174231,Masters,28,>50K
44,Female,Gov,307208,11th,55,>50K
30,Male,Gov,394543,11th,42,>50K
63,Male,Gov,304421,Some-college,60,<=50K
63,Male,Self-emp,314796,Masters,57,<=50K
61,Female,Self-emp,26695,Assoc,26,>50K
42,Male,Private,371406,Bachelors,32,<=50K
28,Female,Gov,151366,HS-grad,23,<=50K
31,Male,Self-emp,257289,Bachelors,59,>50K
65,Female,Private,287870,Some-college,38,>50K
42,Female,Self-emp,379215,11th,55,>50K
18,Female,Private,345353,Masters,34,<=50K
55,Male,Gov,121448,11th,48,>50K
61,Male,Private,111118,Some-college,52,>50K
42,Male,Self-emp,166335,Assoc,36,>50K
28,Female,Private,193310,Masters,29,>50K
27,Female,Gov,46662,Some-college,59,<=50K
49,Female,Private,391028,11th,53,>50K
29,Male,Gov,103556,Masters,54,<=50K
23,Female,Private,131858,Some-college,41,<=50K
41,Female,Private,344157,Assoc,50,>50K
25,Female,Self-emp,146011,Some-college,59,>50K
20,Female,Self-emp,79440,Masters,36,<=50K
19,Female,Gov,286723,Masters,51,>50K
36,Male,Self-emp,289428,Bachelors,26,>50K
52,Male,Gov,54326,HS-grad,60,>50K
61,Female,Private,127782,Assoc,47,>50K
65,Male,Private,260766,Some-college,41,>50K
23,Male,Private,113319,11th,55,>50K
54,Male,Self-emp,233716,Masters,48,<=50K
45,Female,Private,224211,Some-college,27,>50K
59,Male,Gov,327027,Bachelors,24,<=50K
50,Male,Self-emp,379597,11th,58,>50K
36,Female,Self-emp,227153,Some-college,21,<=50K
28,Male,Private,224992,Assoc,38,>50K
37,Female,Private,310206,Assoc,29,>50K
20,Male,Gov,332818,Masters,54,>50K
37,Male,Gov,200277,HS-grad,46,>50K
28,Male,Private,343425,11th,32,>50K
29,Male,Gov,261835,Some-college,55,>50K
36,Male,Self-emp,71486,HS-grad,57,<=50K
39,Female,Private,371952,Some-college,35,>50K
36,Male,Private,186611,Masters,48,<=50K
57,Female,Gov,326273,HS-grad,56,<=50K
38,Female,Private,22533,11th,35,>50K
63,Female,Self-emp,208474,HS-grad,41,<=50K
47,Female,Self-emp,180155,Masters,55,>50K
29,Male,Self-emp,93401,Assoc,32,<=50K
64,Male,Gov,59531,Bachelors,52,>50K
55,Female,Gov,131547,Bachelors,55,<=50K
52,Female,Gov,97926,11th,45,>50K
55,Female,Private,263637,Assoc,52,>50K
43,Female,Gov,25553,Some-college,35,>50K
50,Male,Self-emp,103478,HS-grad,56,>50K
65,Female,Self-emp,41191,HS-grad,51,>50K
22,Female,Self-emp,142693,Bachelors,33,<=50K
42,Female,Self-emp,44346,Bachelors,40,>50K
63,Female,Gov,158053,Assoc,54,>50K
42,Female,Self-emp,328112,Some-college,24,<=50K
42,Male,Gov,232778,11th,42,<=50K
48,Male,Gov,92859,Masters,30,>50K
22,Female,Private,98769,HS-grad,30,<=50K
56,Male,Gov,140767,Masters,41,>50K
48,Female,Self-emp,130469,Assoc,30,<=50K
19,Male,Private,87048,Assoc,57,>50K
26,Male,Gov,96999,Bachelors,30,<=50K
29,Female,Gov,315491,Some-college,21,<=50K
23,Male,Self-emp,337994,Masters,50,>50K
32,Female,Gov,94822,Assoc,31,<=50K
28,Female,Self-emp,332755,Assoc,24,>50K
42,Female,Private,76922,Bachelors,32,<=50K
27,Male,Private,269492,Assoc,58,>50K
52,Male,Private,272833,Some-college,28,>50K
61,Female,Gov,240559,11th,22,<=50K
32,Female,Self-emp,203772,Assoc,56,>50K
45,Male,Self-emp,270159,HS-grad,25,<=50K
56,Female,Self-emp,119101,Bachelors,20,>50K
51,Male,Self-emp,363170,HS-grad,40,<=50K
41,Male,Private,243384,Some-college,57,<=50K
34,Female,Gov,211702,Assoc,37,<=50K
31,Female,Gov,312323,Masters,31,<=50K
53,Female,Self-emp,180774,Assoc,42,<=50K
65,Male,Gov,82435,Some-college,34,<=50K
62,Male,Private,132437,Assoc,45,<=50K
53,Male,Private,224002,Some-college,20,>50K
27,Female,Gov,248263,Bachelors,24,<=50K
32,Female,Private,339306,Bachelors,44,<=50K
57,Female,Gov,333247,Bachelors,31,<=50K
46,Male,Private,364396,Assoc,38,>50K
20,Male,Gov,108857,Some-college,22,<=50K
33,Male,Private,65530,11th,45,<=50K
60,Female,Self-emp,327274,HS-grad,53,>50K
65,Male,Private,308144,11th,55,<=50K
40,Female,Private,337909,HS-grad,49,<=50K
54,Male,Self-emp,111768,Masters,52,>50K
53,Male,Gov,174272,11th,27,<=50K
52,Female,Gov,252138,Masters,56,<=50K
33,Female,Self-emp,377351,Masters,57,>50K
48,Male,Self-emp,55417,Masters,60,>50K
61,Male,Self-emp,236229,11th,53,>50K
62,Female,Private,170622,Bachelors,45,<=50K
22,Male,Self-emp,184559,11th,33,<=50K
29,Male,Self-emp,124682,HS-grad,35,<=50K
31,Male,Private,150912,Assoc,42,>50K
24,Male,Private,374320,Some-college,51,>50K
52,Male,Self-emp,214613,Assoc,40,<=50K
54,Female,Self-emp,115877,Assoc,37,<=50K
32,Male,Private,295636,Masters,50,>50K
50,Female,Self-emp,379839,HS-grad,49,>50K
62,Female,Self-emp,381344,Bachelors,20,>50K
42,Male,Self-emp,209583,Assoc,36,>50K
53,Female,Private,161247,Masters,59,<=50K
41,Male,Self-emp,242268,HS-grad,46,<=50K
41,Female,Self-emp,256311,HS-grad,56,>50K
54,Male,Private,397914,11th,35,<=50K
42,Male,Private,98406,Masters,20,>50K
44,Female,Private,350643,Assoc,54,<=50K
49,Female,Self-emp,314722,Assoc,23,<=50K
24,Male,Private,132966,11th,50,>50K
46,Female,Self-emp,209248,11th,55,<=50K
40,Male,Self-emp,83563,11th,58,>50K
54,Male,Self-emp,206179,11th,52,<=50K
65,Female,Private,219790,Assoc,38,<=50K
58,Male,Private,355848,11th,46,<=50K
22,Male,Private,200158,HS-grad,40,<=50K
59,Female,Gov,160232,Assoc,45,<=50K
46,Female,Gov,327714,Assoc,48,<=50K
28,Male,Private,85556,Some-college,35,<=50K
65,Male,Private,107509,Masters,26,>50K
22,Female,Gov,48220,Bachelors,45,>50K
24,Female,Gov,101408,Bachelors,44,<=50K
32,Male,Gov,168989,Masters,60,>50K
26,Male,Private,38431,Some-college,42,<=50K
48,Female,Gov,162823,Assoc,48,>50K
62,Male,Gov,333306,Masters,60,<=50K
51,Female,Self-emp,272524,Assoc,34,>50K
46,Female,Self-emp,236113,11th,29,<=50K
18,Male,Gov,91460,11th,38,<=50K
52,Male,Gov,277913,Masters,39,>50K
45,Female,Gov,141223,Bachelors,55,<=50K
30,Female,Gov,249169,Masters,35,>50K
63,Female,Self-emp,135653,11th,25,<=50K
58,Male,Gov,341501,Some-college,37,<=50K
59,Female,Self-emp,118566,Bachelors,31,>50K
36,Male,Gov,258730,Assoc,48,<=50K
62,Female,Private,188109,Bachelors,29,>50K
52,Male,Private,73620,11th,37,>50K
63,Female,Gov,24301,HS-grad,25,>50K
18,Female,Private,199260,Masters,39,<=50K
41,Female,Gov,36639,11th,25,>50K
21,Female,Self-emp,57426,Assoc,50,>50K
30,Female,Self-emp,26614,Bachelors,35,<=50K
46,Male,Gov,37569,HS-grad,49,>50K
51,Male,Self-emp,224012,Some-college,39,<=50K
28,Male,Gov,308138,Assoc,27,<=50K
48,Female,Private,208967,Bachelors,33,>50K
33,Female,Self-emp,27899,HS-grad,37,>50K
43,Male,Private,42016,Assoc,50,>50K
41,Male,Private,102679,Masters,25,<=50K
58,Male,Private,206393,Some-college,29,>50K
26,Female,Private,186062,Assoc,42,<=50K
64,Male,Private,381365,Masters,42,>50K
34,Male,Self-emp,390475,Masters,55,<=50K
52,Female,Private,317114,HS-grad,54,<=50K
38,Female,Self-emp,333880,Assoc,30,>50K
51,Male,Self-emp,175017,11th,54,<=50K
47,Male,Gov,285267,Masters,31,>50K
57,Female,Gov,145192,11th,24,<=50K
30,Female,Gov,100809,Assoc,38,<=50K
44,Female,Private,70466,Assoc,24,>50K
26,Male,Private,125947,Bachelors,51,>50K
24,Male,Gov,356462,Masters,51,<=50K
21,Female,Private,337694,Some-college,24,>50K
31,Female,Private,265397,Some-college,23,<=50K
53,Female,Self-emp,391423,Bachelors,59,<=50K
51,Male,Gov,56903,11th,24,>50K
51,Male,Private,141119,Assoc,44,>50K
30,Male,Gov,347850,HS-grad,55,<=50K
65,Male,Gov,322285,11th,49,<=50K
24,Male,Private,308340,Masters,52,<=50K
60,Male,Gov,334528,Masters,42,<=50K
53,Female,Self-emp,236186,Some-college,47,<=50K
56,Male,Gov,306065,HS-grad,44,<=50K
41,Female,Self-emp,228189,Bachelors,22,<=50K
56,Male,Gov,90823,11th,20,<=50K
32,Male,Self-emp,31377,Some-college,37,>50K
24,Male,Self-emp,206466,HS-grad,28,<=50K
41,Male,Private,154345,11th,25,<=50K
54,Male,Gov,60475,Some-college,40,<=50K
29,Female,Gov,388494,Assoc,26,<=50K
20,Female,Private,49319,11th,42,<=50K
44,Male,Private,362244,Assoc,20,<=50K
21,Female,Gov,41591,11th,54,>50K
38,Male,Private,46486,Some-college,45,<=50K
56,Male,Private,246458,11th,45,>50K
26,Female,Private,269484,Assoc,23,<=50K
34,Male,Self-emp,283099,Masters,28,>50K
48,Male,Self-emp,227260,Some-college,56,>50K
53,Male,Private,57562,11th,47,<=50K
61,Male,Private,372189,Masters,47,<=50K
40,Male,Self-emp,200630,Assoc,21,<=50K
28,Female,Gov,251845,Assoc,29,<=50K
20,Male,Private,379325,11th,29,>50K
25,Male,Private,345584,HS-grad,38,>50K
39,Male,Self-emp,255961,Masters,21,<=50K
31,Male,Private,306483,Assoc,36,<=50K
57,Male,Gov,386348,Some-college,21,<=50K
55,Male,Self-emp,109296,Bachelors,38,>50K
62,Female,Private,263773,Some-college,20,>50K
42,Female,Gov,366082,11th,26,>50K
36,Female,Private,219597,Assoc,26,<=50K
49,Male,Private,124267,Assoc,49,>50K
20,Male,Gov,179869,11th,51,<=50K
65,Male,Private,201812,Some-college,42,<=50K
58,Female,Private,282800,11th,23,<=50K
42,Male,Gov,166902,HS-grad,29,<=50K
43,Male,Private,220386,Assoc,59,>50K
44,Male,Gov,100084,Masters,39,<=50K
46,Male,Private,362083,HS-grad,57,>50K
26,Female,Gov,389694,Assoc,28,<=50K
27,Male,Self-emp,55554,Assoc,54,>50K
29,Female,Private,35457,11th,46,<=50K
37,Female,Gov,353891,Some-college,37,>50K
30,Male,Private,116860,Bachelors,59,<=50K
56,Male,Gov,141730,HS-grad,21,<=50K
23,Female,Private,283362,Assoc,50,<=50K
29,Female,Self-emp,268432,HS-grad,30,>50K
32,Male,Self-emp,27871,11th,46,>50K
65,Male,Private,54674,HS-grad,48,<=50K
62,Female,Self-emp,149385,Masters,45,>50K
56,Female,Gov,184048,Masters,59,>50K
51,Male,Self-emp,259547,Bachelors,35,<=50K
65,Male,Gov,223108,Assoc,60,>50K
30,Female,Self-emp,228687,11th,38,<=50K
28,Female,Self-emp,341458,Bachelors,53,>50K
47,Female,Private,398875,Assoc,27,>50K
55,Male,Self-emp,236824,11th,48,>50K
29,Female,Gov,393625,HS-grad,49,>50K
34,Female,Gov,360040,Some-college,30,>50K
23,Male,Gov,255614,Some-college,43,>50K
51,Female,Gov,288260,Assoc,30,<=50K
53,Female,Private,109592,11th,56,>50K
28,Male,Private,393317,Bachelors,46,<=50K
37,Female,Self-emp,348441,HS-grad,27,>50K
30,Male,Gov,152703,Bachelors,49,<=50K
49,Male,Gov,278718,HS-grad,33,<=50K
47,Female,Self-emp,61631,Assoc,58,>50K
33,Female,Gov,349586,Assoc,33,>50K
29,Male,Private,362505,11th,22,>50K
20,Female,Self-emp,65981,Bachelors,26,<=50K
29,Male,Gov,169097,Assoc,58,>50K
47,Female,Private,68824,11th,40,<=50K
42,Male,Self-emp,308605,Bachelors,38,<=50K
26,Male,Gov,163874,11th,53,<=50K
51,Male,Gov,129602,Assoc,23,>50K
54,Male,Self-emp,399623,Some-college,58,<=50K
45,Female,Self-emp,295456,Assoc,59,<=50K
26,Female,Gov,351275,Masters,51,>50K
57,Male,Gov,172299,HS-grad,20,>50K
19,Female,Gov,81827,Some-college,33,<=50K
44,Male,Self-emp,203317,Assoc,60,>50K
18,Male,Gov,167653,11th,24,<=50K
37,Female,Private,79683,Some-college,41,<=50K
43,Male,Private,121720,11th,41,<=50K
48,Male,Gov,91174,Masters,29,<=50K
52,Female,Self-emp,237030,Some-college,23,<=50K
54,Female,Gov,300958,Bachelors,33,<=50K
40,Male,Private,167041,Bachelors,41,<=50K
58,Male,Gov,337555,Masters,31,>50K
37,Female,Gov,36582,11th,46,>50K
49,Male,Self-emp,256929,11th,33,<=50K
29,Male,Self-emp,39605,HS-grad,25,<=50K
50,Male,Self-emp,282172,HS-grad,32,<=50K
48,Female,Self-emp,95127,Bachelors,53,>50K
31,Male,Self-emp,223207,Some-college,53,>50K
18,Female,Private,380213,Assoc,25,<=50K
47,Male,Private,292932,Some-college,39,>50K
54,Female,Gov,130019,11th,32,>50K
36,Female,Gov,187326,Masters,27,<=50K
27,Male,Self-emp,80010,Bachelors,59,>50K
31,Female,Gov,186977,11th,29,<=50K
54,Male,Private,57351,11th,59,<=50K
52,Female,Private,88196,Bachelors,50,>50K
24,Female,Private,65151,Masters,45,>50K
63,Female,Gov,206449,11th,41,>50K
63,Male,Self-emp,317685,HS-grad,25,<=50K
24,Female,Self-emp,378863,Some-college,49,<=50K
32,Male,Private,343455,11th,43,<=50K
29,Female,Self-emp,257650,Masters,21,>50K
48,Male,Self-emp,270951,Masters,30,<=50K
40,Male,Gov,73966,Masters,26,<=50K
53,Male,Self-emp,299312,Masters,45,<=50K
33,Male,Gov,103372,Masters,44,>50K
39,Male,Gov,329838,Masters,47,<=50K
52,Male,Private,367399,Some-college,24,<=50K
25,Female,Self-emp,311025,Bachelors,48,>50K
37,Female,Private,333660,Bachelors,58,<=50K
38,Female,Gov,366116,Bachelors,25,>50K
26,Male,Private,366492,HS-grad,48,<=50K
42,Female,Private,127825,Some-college,40,<=50K
54,Female,Self-emp,396329,11th,25,>50K
57,Female,Private,174237,Bachelors,43,>50K
18,Female,Private,167958,Bachelors,35,<=50K
62,Female,Gov,186790,Some-college,44,<=50K
42,Female,Gov,130738,Some-college,31,<=50K
26,Male,Gov,221638,11th,46,>50K
36,Male,Private,26083,Bachelors,21,>50K
64,Female,Gov,248974,HS-grad,25,>50K
59,Female,Self-emp,384584,Assoc,47,>50K
47,Female,Gov,255953,Masters,42,>50K
29,Female,Gov,23895,Assoc,51,>50K
63,Female,Self-emp,306348,Assoc,43,>50K
20,Female,Gov,213241,Bachelors,57,<=50K
62,Male,Private,295989,11th,49,>50K
51,Male,Private,267700,Some-college,24,<=50K
57,Male,Self-emp,300511,Bachelors,50,<=50K
50,Female,Gov,193808,Masters,42,<=50K
36,Male,Private,384406,Assoc,39,<=50K
21,Female,Gov,108646,Assoc,23,<=50K
65,Male,Self-emp,274153,Bachelors,28,>50K
35,Female,Private,342855,11th,37,<=50K
18,Male,Gov,111547,Assoc,29,<=50K
41,Male,Self-emp,387407,HS-grad,51,>50K
51,Male,Self-emp,64250,HS-grad,58,>50K
49,Female,Self-emp,144752,Some-college,48,>50K
31,Female,Private,356729,11th,27,>50K
28,Female,Self-emp,269682,11th,50,>50K
42,Female,Self-emp,157691,HS-grad,53,<=50K
18,Female,Self-emp,220280,Some-college,40,>50K
24,Female,Self-emp,340070,Some-college,37,<=50K
35,Female,Private,153873,Some-college,57,<=50K
47,Male,Gov,372263,Assoc,32,<=50K
61,Male,Self-emp,307106,Bachelors,20,>50K
18,Female,Private,295389,Bachelors,48,<=50K
32,Female,Self-emp,121229,Bachelors,21,>50K
21,Male,Gov,354539,Bachelors,27,>50K
56,Male,Self-emp,364139,Some-college,56,>50K
25,Male,Self-emp,174438,Masters,24,<=50K
35,Female,Gov,370003,11th,36,>50K
22,Female,Private,220696,Masters,41,>50K
34,Female,Private,250988,Bachelors,51,>50K
57,Female,Private,358419,Masters,26,>50K
52,Female,Private,341895,Some-college,26,<=50K
63,Female,Private,38277,Bachelors,24,<=50K
46,Male,Self-emp,98042,Some-college,60,>50K
20,Female,Self-emp,99485,Some-college,41,<=50K
54,Male,Gov,390989,Masters,50,<=50K
43,Male,Gov,138408,Bachelors,44,<=50K
25,Female,Self-emp,377478,11th,45,>50K
58,Male,Self-emp,300298,11th,25,<=50K
36,Male,Private,310704,Bachelors,44,>50K
37,Female,Private,350624,Some-college,42,<=50K
23,Female,Gov,119333,HS-grad,22,>50K
19,Male,Self-emp,223826,Bachelors,54,<=50K
49,Female,Private,39421,11th,23,<=50K
64,Male,Self-emp,81964,HS-grad,53,<=50K
61,Male,Gov,323744,HS-grad,24,>50K
65,Male,Self-emp,362796,Bachelors,50,>50K
33,Male,Private,110308,Some-college,23,<=50K
24,Female,Gov,109490,Assoc,24,>50K
25,Female,Gov,342766,HS-grad,24,>50K
45,Female,Gov,375675,Masters,40,>50K
61,Male,Self-emp,131794,Bachelors,57,>50K
39,Male,Private,163599,HS-grad,46,>50K
62,Female,Gov,106510,Masters,35,>50K
26,Male,Gov,341095,Masters,30,>50K
49,Male,Private,23787,HS-grad,25,<=50K
44,Female,Gov,86528,HS-grad,29,<=50K
51,Female,Self-emp,145437,HS-grad,59,>50K
56,Male,Gov,282085,Assoc,25,<=50K
40,Female,Private,312400,HS-grad,32,>50K
51,Male,Gov,209740,Assoc,52,>50K
47,Male,Self-emp,47823,HS-grad,27,>50K
61,Female,Self-emp,112444,HS-grad,22,>50K
59,Female,Self-emp,129885,Masters,36,<=50K
57,Female,Private,74746,Some-college,23,>50K
28,Male,Self-emp,289957,Bachelors,24,>50K
64,Female,Gov,323962,11th,46,>50K
65,Female,Private,77741,11th,34,>50K
33,Female,Private,216887,HS-grad,24,<=50K
55,Female,Private,248518,HS-grad,33,<=50K
29,Female,Self-emp,91515,Masters,32,<=50K
35,Male,Self-emp,86695,Bachelors,56,>50K
35,Male,Private,264074,Masters,46,>50K
39,Male,Self-emp,336479,HS-grad,60,>50K
54,Male,Private,235847,Assoc,51,>50K
55,Female,Self-emp,166365,Bachelors,47,>50K
33,Female,Self-emp,323807,HS-grad,57,>50K
54,Male,Self-emp,43186,Bachelors,50,>50K
45,Female,Self-emp,385247,Bachelors,48,<=50K
33,Male,Gov,26513,Some-college,46,>50K
26,Female,Self-emp,145337,Some-college,25,>50K
48,Female,Private,388734,Masters,56,>50K
47,Female,Private,388645,Masters,31,<=50K
58,Female,Gov,352085,Bachelors,60,>50K
42,Female,Gov,37151,11th,47,<=50K
62,Male,Gov,62445,Assoc,41,>50K
50,Female,Private,78178,Masters,43,<=50K
57,Male,Self-emp,212116,HS-grad,55,>50K
53,Male,Private,195599,HS-grad,54,>50K
59,Female,Gov,324149,Some-college,33,>50K
38,Female,Self-emp,284013,Some-college,47,<=50K
21,Male,Self-emp,200998,Masters,51,>50K
48,Female,Self-emp,345557,11th,24,>50K
47,Male,Private,224830,HS-grad,38,>50K
24,Male,Self-emp,78733,Some-college,29,<=50K
27,Male,Gov,348873,Bachelors,38,<=50K
61,Male,Self-emp,201770,Masters,48,>50K
36,Male,Private,31553,HS-grad,53,<=50K
44,Female,Gov,358716,11th,51,<=50K
47,Female,Gov,89182,11th,30,<=50K
32,Female,Self-emp,171071,Bachelors,29,<=50K
36,Female,Private,344340,HS-grad,54,<=50K
29,Male,Gov,383257,Some-college,29,>50K
33,Male,Private,186003,Assoc,28,<=50K
34,Female,Private,127560,Assoc,22,<=50K
40,Male,Self-emp,255105,Assoc,30,<=50K
25,Male,Self-emp,281838,HS-grad,49,<=50K
27,Male,Gov,306337,Assoc,41,<=50K
48,Female,Gov,369641,HS-grad,56,<=50K
39,Male,Gov,271124,Bachelors,28,>50K
37,Male,Self-emp,343759,HS-grad,48,<=50K
23,Female,Private,338846,Some-college,32,>50K
35,Male,Private,63824,Assoc,48,>50K
50,Female,Private,277145,11th,58,>50K
60,Female,Self-emp,97566,Some-college,47,<=50K
42,Female,Private,169238,11th,42,<=50K
46,Male,Private,252899,Some-college,46,<=50K
36,Male,Gov,242210,Some-college,46,>50K
55,Male,Private,128938,11th,50,<=50K
22,Female,Private,23470,Masters,60,<=50K
44,Male,Gov,262283,Some-college,56,>50K
30,Male,Self-emp,171762,Assoc,51,>50K
37,Female,Self-emp,313224,Some-college,49,>50K
19,Male,Private,157718,11th,60,<=50K
25,Female,Self-emp,114042,Masters,35,>50K
25,Female,Self-emp,54983,Assoc,43,<=50K
54,Female,Self-emp,349250,Some-college,50,>50K
41,Male,Self-emp,105378,Assoc,23,>50K
38,Female,Gov,91039,11th,30,>50K
35,Female,Self-emp,353576,11th,23,<=50K
36,Male,Gov,121614,Some-college,31,>50K
56,Male,Gov,189138,11th,39,<=50K
61,Female,Private,300190,Assoc,42,>50K
18,Male,Gov,167543,11th,51,<=50K
39,Male,Private,134229,HS-grad,52,>50K
30,Male,Self-emp,261430,Bachelors,27,>50K
19,Female,Self-emp,183354,Some-college,43,>50K
46,Female,Private,392189,11th,21,>50K
32,Male,Gov,94637,Some-college,34,<=50K
26,Male,Private,61211,Masters,27,>50K
19,Female,Self-emp,42291,HS-grad,26,>50K
60,Male,Self-emp,82349,11th,22,>50K
37,Male,Private,84903,Assoc,33,>50K
29,Female,Private,67594,HS-grad,37,<=50K
40,Male,Gov,341365,HS-grad,52,>50K
24,Male,Gov,133769,Some-college,32,<=50K
28,Male,Gov,71739,HS-grad,52,<=50K
41,Male,Self-emp,373121,Bachelors,31,<=50K
42,Female,Private,289615,HS-grad,46,>50K
38,Male,Self-emp,77837,Assoc,28,<=50K
41,Female,Gov,398607,Bachelors,25,<=50K
49,Male,Self-emp,168694,Masters,58,<=50K
61,Female,Private,310411,Masters,38,<=50K
30,Male,Self-emp,376060,11th,31,>50K
61,Female,Gov,75140,Masters,48,>50K
25,Male,Self-emp,230042,Some-college,57,>50K
65,Male,Private,210688,HS-grad,41,>50K
56,Female,Private,142090,Masters,51,<=50K
63,Female,Gov,229838,11th,50,<=50K
49,Female,Private,258359,Bachelors,27,<=50K
49,Female,Private,349447,HS-grad,21,>50K
65,Male,Private,281166,Some-college,21,>50K
42,Female,Private,178729,Assoc,59,>50K
22,Female,Self-emp,125870,11th,51,<=50K
50,Female,Gov,200153,Assoc,54,>50K
20,Female,Private,221132,Masters,40,<=50K
46,Female,Private,37227,HS-grad,55,<=50K
63,Male,Self-emp,245800,HS-grad,39,<=50K
49,Male,Gov,373907,Masters,55,<=50K
48,Male,Gov,49222,Masters,36,<=50K
55,Female,Gov,374674,11th,38,<=50K
21,Male,Gov,43655,HS-grad,43,<=50K
65,Male,Gov,198916,Masters,26,<=50K
40,Female,Self-emp,204166,Bachelors,35,>50K
33,Female,Gov,64533,Some-college,24,<=50K
25,Female,Private,30334,Assoc,40,>50K
47,Female,Gov,289882,Masters,37,>50K
62,Female,Gov,31658,11th,44,<=50K
38,Male,Self-emp,72458,Some-college,33,<=50K
49,Female,Private,342346,11th,43,<=50K
30,Female,Gov,59489,Assoc,33,<=50K
34,Male,Self-emp,320690,Masters,34,>50K
63,Male,Gov,196600,11th,24,<=50K
45,Male,Self-emp,60192,Some-college,39,<=50K
45,Female,Private,237219,Masters,36,<=50K
60,Male,Private,349171,Some-college,53,>50K
54,Female,Private,366452,Some-college,49,<=50K
58,Female,Gov,348601,Bachelors,53,>50K
41,Female,Private,146025,HS-grad,39,<=50K
44,Female,Private,352360,HS-grad,46,<=50K
36,Male,Self-emp,380109,Assoc,35,<=50K
33,Male,Private,120619,Bachelors,35,<=50K
47,Female,Gov,248659,Masters,22,>50K
28,Female,Private,35278,11th,37,>50K
59,Male,Gov,274721,Bachelors,23,>50K
38,Female,Private,233388,11th,25,<=50K
64,Male,Private,78684,Assoc,52,>50K
51,Female,Self-emp,67316,HS-grad,58,>50K
38,Female,Gov,224446,Some-college,35,<=50K
31,Male,Private,111831,HS-grad,37,<=50K
44,Female,Gov,49321,Masters,54,<=50K
62,Male,Self-emp,306127,Masters,50,>50K
35,Male,Self-emp,269153,Some-college,43,<=50K
19,Male,Gov,367195,Bachelors,35,<=50K
53,Female,Self-emp,354993,Some-college,43,>50K
52,Male,Self-emp,223670,Bachelors,45,<=50K
37,Male,Private,175935,HS-grad,30,<=50K
58,Female,Gov,233012,Bachelors,37,>50K
49,Female,Gov,236510,11th,47,>50K
28,Female,Gov,54795,11th,46,<=50K
47,Male,Private,356264,Some-college,31,<=50K
59,Male,Private,230062,HS-grad,60,<=50K
38,Male,Private,102744,HS-grad,53,>50K
56,Female,Self-emp,256710,Masters,28,<=50K
29,Female,Self-emp,124157,Bachelors,46,<=50K
29,Female,Self-emp,319048,HS-grad,21,>50K
53,Male,Private,262443,HS-grad,36,>50K
21,Female,Gov,244868,Assoc,36,>50K
23,Female,Private,317398,Bachelors,20,<=50K
47,Female,Private,137694,Some-college,33,>50K
35,Female,Gov,279086,Masters,28,<=50K
31,Male,Self-emp,375041,HS-grad,46,>50K
44,Male,Private,172144,11th,35,<=50K
33,Female,Gov,378753,Some-college,49,>50K
18,Female,Private,189473,Some-college,45,>50K
63,Female,Gov,241926,Some-college,58,<=50K
22,Male,Gov,50803,Bachelors,41,>50K
48,Female,Gov,371687,Assoc,22,>50K
34,Female,Self-emp,226934,Some-college,43,>50K
53,Male,Gov,114042,11th,30,<=50K
39,Female,Private,67001,11th,53,<=50K
27,Female,Private,184243,Bachelors,28,<=50K
35,Female,Self-emp,168334,11th,59,<=50K
51,Female,Self-emp,106499,11th,51,>50K
53,Female,Private,119048,HS-grad,23,>50K
29,Male,Self-emp,156432,HS-grad,49,<=50K
25,Female,Private,251483,11th,55,<=50K
47,Female,Private,397363,HS-grad,27,<=50K
23,Male,Self-emp,114715,HS-grad,52,<=50K
54,Male,Gov,22163,Assoc,56,>50K
44,Male,Private,281153,Some-college,26,<=50K
19,Female,Gov,376851,Bachelors,45,<=50K
55,Male,Self-emp,100622,Bachelors,25,<=50K
63,Female,Self-emp,349439,11th,58,>50K
39,Male,Gov,346298,Masters,40,>50K
31,Male,Gov,168349,11th,23,>50K
53,Female,Private,229116,11th,31,>50K
43,Male,Private,129168,HS-grad,44,<=50K
36,Male,Private,176524,Masters,47,<=50K
61,Male,Self-emp,368924,Bachelors,43,>50K
49,Female,Self-emp,269791,11th,56,<=50K
23,Female,Self-emp,341843,HS-grad,47,<=50K
23,Male,Gov,199172,Masters,34,>50K
49,Male,Self-emp,265481,Masters,25,<=50K
37,Male,Private,378777,11th,35,<=50K
36,Male,Gov,60125,Bachelors,52,>50K
50,Female,Self-emp,69537,Masters,56,<=50K
40,Female,Gov,62870,Assoc,21,>50K
65,Female,Private,115529,Masters,22,>50K
44,Female,Self-emp,327866,Some-college,49,<=50K
57,Female,Self-emp,118142,HS-grad,31,>50K
65,Female,Gov,75747,Masters,54,>50K
18,Female,Private,26975,HS-grad,50,<=50K
62,Female,Gov,335562,Some-college,51,<=50K
57,Female,Gov,373266,Some-college,45,<=50K
23,Male,Private,27274,HS-grad,27,>50K
62,Male,Private,129696,Masters,29,>50K
45,Male,Private,177767,Masters,29,<=50K
45,Male,Private,107087,HS-grad,48,<=50K
48,Male,Self-emp,326827,HS-grad,32,<=50K
54,Female,Private,195033,Bachelors,26,<=50K
44,Female,Gov,323385,Assoc,55,<=50K
20,Female,Self-emp,274856,Assoc,57,<=50K
32,Male,Gov,29971,Masters,56,<=50K
53,Male,Self-emp,359896,Masters,50,>50K
49,Female,Self-emp,385698,Masters,21,>50K
36,Male,Self-emp,200275,Masters,34,>50K
55,Female,Gov,394970,Some-college,49,>50K
36,Female,Self-emp,372902,Some-college,43,<=50K
28,Male,Self-emp,382124,Some-college,25,<=50K
26,Male,Private,101953,Assoc,51,>50K
44,Female,Self-emp,143060,HS-grad,55,>50K
19,Female,Self-emp,207193,Some-college,30,>50K
50,Male,Private,197070,Masters,27,>50K
25,Male,Self-emp,155173,11th,42,>50K
53,Female,Private,381829,Assoc,58,>50K
63,Male,Self-emp,259670,Bachelors,26,>50K
53,Male,Gov,75265,HS-grad,60,>50K
31,Female,Private,173156,Some-college,48,<=50K
64,Male,Private,359263,11th,41,>50K
25,Male,Self-emp,237972,Bachelors,35,<=50K
39,Female,Gov,109790,Bachelors,37,<=50K
63,Female,Self-emp,350008,Some-college,35,>50K
51,Female,Private,92348,Masters,46,<=50K
47,Female,Private,252038,HS-grad,20,>50K
23,Female,Self-emp,230580,HS-grad,47,>50K
43,Male,Gov,356312,HS-grad,56,>50K
58,Female,Self-emp,230765,Some-college,55,<=50K
64,Female,Self-emp,24143,11th,53,>50K
62,Female,Self-emp,357578,HS-grad,54,<=50K
62,Female,Gov,232077,HS-grad,39,>50K
20,Female,Self-emp,396900,Some-college,28,<=50K
31,Male,Gov,309294,11th,53,<=50K
58,Male,Private,34623,Assoc,57,<=50K
33,Female,Gov,241640,Assoc,27,>50K
41,Female,Gov,286075,11th,27,>50K
59,Male,Self-emp,176217,Assoc,20,<=50K
39,Male,Gov,324922,Assoc,60,>50K
40,Female,Self-emp,369659,Some-college,56,>50K
63,Female,Gov,149831,Bachelors,40,>50K
41,Female,Private,96836,Some-college,47,<=50K
23,Male,Private,242763,HS-grad,50,>50K
46,Male,Self-emp,374849,Assoc,45,<=50K
34,Female,Gov,241995,Masters,51,<=50K
28,Male,Gov,86649,Masters,49,>50K
63,Male,Gov,131485,Masters,50,>50K
65,Male,Gov,213636,Bachelors,58,<=50K
25,Male,Self-emp,319769,11th,22,>50K
25,Female,Self-emp,216324,11th,38,<=50K
19,Male,Private,329132,Masters,23,<=50K
36,Male,Private,276268,Bachelors,27,<=50K
22,Male,Self-emp,272275,Assoc,39,<=50K
39,Female,Self-emp,397504,Assoc,28,>50K
50,Female,Self-emp,369815,Masters,29,<=50K
23,Female,Self-emp,142065,Masters,41,>50K
60,Female,Gov,165424,Some-college,25,>50K
63,Male,Gov,350358,Some-college,39,>50K
59,Male,Private,344379,Assoc,56,>50K
54,Male,Self-emp,283527,Bachelors,27,>50K
19,Female,Private,148600,Some-college,57,<=50K
23,Female,Self-emp,328749,Bachelors,51,>50K
39,Female,Private,237546,Bachelors,53,<=50K
42,Female,Private,80106,Bachelors,54,>50K
36,Male,Private,153984,Bachelors,29,<=50K
44,Male,Private,342162,11th,31,>50K
63,Male,Self-emp,224440,Bachelors,40,>50K
44,Female,Self-emp,216877,Bachelors,23,>50K
33,Male,Self-emp,286664,Assoc,44,>50K
35,Male,Self-emp,263701,Assoc,46,>50K
48,Male,Self-emp,352158,HS-grad,21,<=50K
53,Male,Private,310826,Some-college,28,<=50K
54,Female,Self-emp,63992,Some-college,52,>50K
27,Female,Gov,108179,HS-grad,54,<=50K
53,Female,Private,20524,Masters,59,<=50K
59,Male,Private,51549,Masters,37,<=50K
61,Female,Self-emp,351458,HS-grad,57,<=50K
20,Male,Gov,300016,Assoc,24,<=50K
23,Female,Gov,84475,HS-grad,55,<=50K
45,Male,Gov,284671,11th,41,<=50K
63,Female,Self-emp,148937,Some-college,40,<=50K
31,Female,Gov,192206,Bachelors,28,>50K
56,Female,Private,25021,Some-college,31,<=50K
53,Female,Self-emp,302135,Bachelors,24,>50K
60,Female,Gov,84705,11th,44,<=50K
42,Male,Gov,24420,Bachelors,49,<=50K
30,Female,Private,136140,Some-college,21,<=50K
61,Female,Private,67168,Assoc,60,<=50K
63,Male,Private,278897,11th,22,<=50K
49,Male,Private,122805,Some-college,45,>50K
35,Female,Private,309294,HS-grad,56,>50K
22,Male,Gov,54104,HS-grad,36,>50K
51,Female,Private,375456,Bachelors,54,<=50K
61,Female,Private,243930,Some-college,23,<=50K
45,Female,Self-emp,83815,Some-college,53,<=50K
49,Female,Gov,42788,Some-college,34,>50K
35,Female,Gov,255332,11th,20,<=50K
30,Female,Private,319798,Bachelors,34,<=50K
22,Male,Private,106235,11th,39,>50K
58,Male,Private,271640,Masters,21,<=50K
34,Male,Private,268290,HS-grad,41,>50K
39,Male,Private,334554,Assoc,48,>50K
58,Female,Gov,85444,Bachelors,23,>50K
42,Female,Gov,54093,HS-grad,23,<=50K
21,Female,Gov,348301,Masters,24,>50K
61,Male,Gov,47369,11th,44,<=50K
24,Female,Private,334350,Some-college,59,>50K
47,Female,Self-emp,244450,Assoc,59,>50K
39,Male,Self-emp,291168,11th,57,>50K
24,Male,Private,332043,Some-college,24,>50K
54,Male,Gov,286809,11th,42,<=50K
48,Female,Private,147481,HS-grad,22,>50K
26,Female,Gov,248509,Assoc,42,<=50K
55,Male,Private,266165,11th,58,<=50K
36,Female,Private,291413,Assoc,29,>50K
33,Male,Self-emp,200258,HS-grad,32,>50K
22,Female,Private,370151,Masters,49,<=50K
55,Female,Gov,177093,Masters,41,>50K
24,Female,Private,280010,HS-grad,20,>50K
62,Male,Self-emp,347113,HS-grad,35,<=50K
65,Female,Gov,217086,HS-grad,45,>50K
18,Female,Private,58656,11th,21,>50K
27,Female,Self-emp,121923,Some-college,57,<=50K
20,Male,Private,123717,11th,31,>50K
34,Male,Self-emp,310720,HS-grad,31,>50K
19,Male,Self-emp,73052,Bachelors,28,<=50K
59,Male,Self-emp,130224,11th,49,>50K
41,Female,Gov,109841,Assoc,59,<=50K
63,Male,Private,95724,HS-grad,32,>50K
52,Female,Gov,216217,11th,58,<=50K
58,Male,Private,342976,Assoc,32,<=50K
27,Female,Private,47923,Some-college,37,>50K
50,Female,Private,62681,Masters,59,>50K
28,Female,Gov,286945,11th,51,<=50K
29,Female,Gov,216020,Assoc,50,<=50K
48,Female,Gov,230211,Some-college,57,>50K
31,Male,Private,257020,HS-grad,45,>50K
37,Female,Self-emp,319562,HS-grad,43,<=50K
53,Male,Private,64054,11th,48,<=50K
32,Male,Self-emp,288572,Assoc,41,<=50K
46,Female,Self-emp,234409,11th,51,<=50K
35,Female,Private,114144,Masters,34,<=50K
59,Male,Self-emp,63211,11th,52,>50K
35,Male,Private,82174,Bachelors,43,>50K
52,Male,Self-emp,123099,Some-college,41,<=50K
37,Female,Private,389959,Assoc,28,<=50K
18,Female,Self-emp,201735,Masters,45,>50K
48,Male,Self-emp,139316,HS-grad,33,<=50K
32,Female,Gov,261907,11th,25,<=50K
30,Female,Gov,238988,HS-grad,48,<=50K
53,Male,Self-emp,92849,Assoc,28,<=50K
65,Male,Self-emp,365426,11th,41,>50K
44,Female,Gov,231481,Some-college,54,<=50K
38,Male,Gov,36886,HS-grad,29,<=50K
54,Female,Self-emp,127062,Masters,24,<=50K
30,Female,Private,192407,Assoc,48,<=50K
23,Male,Private,373834,Assoc,31,>50K
62,Female,Private,117880,HS-grad,24,<=50K
36,Male,Private,172623,Some-college,53,>50K
47,Male,Self-emp,291859,Bachelors,30,<=50K
44,Female,Private,78061,HS-grad,54,<=50K
48,Male,Self-emp,128254,HS-grad,33,<=50K
45,Female,Private,336517,Assoc,39,>50K
50,Female,Self-emp,125750,Bachelors,29,<=50K
22,Female,Gov,149415,Assoc,41,<=50K
47,Female,Gov,40491,Some-college,25,<=50K
59,Female,Self-emp,387167,Some-college,39,<=50K
57,Male,Self-emp,150618,HS-grad,59,<=50K
47,Female,Gov,116177,Some-college,56,>50K
43,Male,Private,102801,11th,60,<=50K
60,Male,Gov,398750,HS-grad,51,<=50K
53,Male,Self-emp,60125,Bachelors,52,<=50K
44,Female,Private,152522,HS-grad,52,>50K
47,Male,Private,354950,Some-college,49,<=50K
39,Female,Private,227971,Bachelors,20,<=50K
25,Male,Self-emp,371427,Some-college,49,<=50K
47,Male,Private,307534,Some-college,35,<=50K
26,Female,Self-emp,104602,HS-grad,21,>50K
29,Female,Private,300312,Some-college,45,>50K
22,Male,Gov,163262,HS-grad,48,<=50K
29,Male,Gov,38059,Some-college,54,>50K
46,Male,Gov,294136,Some-college,26,<=50K
62,Female,Self-emp,47480,Assoc,20,>50K
42,Male,Private,216421,HS-grad,32,>50K
19,Female,Private,27633,11th,32,>50K
32,Male,Gov,108018,Some-college,30,>50K
44,Male,Self-emp,189177,Assoc,60,>50K
57,Male,Gov,227127,Masters,27,>50K
31,Male,Self-emp,189537,HS-grad,20,<=50K
59,Female,Private,224045,HS-grad,49,>50K
22,Female,Gov,347108,11th,22,>50K
31,Female,Self-emp,333979,Masters,26,>50K
34,Male,Gov,190055,Some-college,44,>50K
39,Male,Gov,380513,11th,50,>50K
39,Male,Gov,326727,Masters,44,>50K
50,Male,Private,31121,Assoc,27,<=50K
33,Female,Private,344935,Bachelors,23,>50K
41,Female,Self-emp,125912,HS-grad,44,>50K
59,Male,Private,333563,Masters,41,>50K
35,Female,Gov,40765,Assoc,46,<=50K
19,Male,Gov,193681,11th,35,>50K
52,Male,Gov,150200,Some-college,34,<=50K
51,Female,Private,251924,Some-college,20,>50K
49,Male,Private,47319,Some-college,29,>50K
26,Male,Private,330709,Assoc,33,>50K
50,Male,Self-emp,264881,11th,30,>50K
33,Female,Private,337640,HS-grad,39,<=50K
54,Female,Gov,125592,11th,50,>50K
41,Female,Self-emp,107957,Masters,48,<=50K
50,Female,Private,272707,Bachelors,44,<=50K
23,Female,Gov,301646,HS-grad,55,>50K
34,Female,Self-emp,180352,Masters,38,<=50K
53,Female,Private,194710,HS-grad,50,>50K
27,Male,Private,26728,Assoc,43,<=50K
43,Female,Self-emp,215635,Masters,51,<=50K
59,Male,Self-emp,40356,Bachelors,44,>50K
30,Female,Self-emp,398664,11th,52,<=50K
58,Female,Gov,50253,Some-college,44,<=50K
65,Male,Private,270465,Bachelors,43,>50K
62,Male,Self-emp,337422,Masters,29,<=50K
33,Male,Private,81200,Bachelors,44,<=50K
63,Male,Gov,118997,Masters,30,<=50K
34,Female,Gov,299551,Some-college,44,<=50K
64,Female,Gov,66595,Bachelors,60,<=50K
27,Female,Gov,129851,Some-college,45,<=50K
18,Male,Self-emp,20827,Bachelors,24,<=50K
51,Female,Gov,171173,Some-college,47,>50K
29,Female,Private,389123,HS-grad,32,<=50K
29,Male,Self-emp,317319,HS-grad,31,>50K
21,Male,Private,155975,Masters,48,>50K
58,Male,Private,173682,Bachelors,44,>50K
35,Male,Self-emp,35553,Assoc,35,<=50K
49,Male,Private,52011,11th,20,>50K
24,Male,Gov,23807,Masters,58,<=50K
49,Female,Self-emp,336864,Masters,41,<=50K
61,Female,Self-emp,145617,11th,45,<=50K
57,Male,Self-emp,193148,Bachelors,20,<=50K
62,Female,Gov,92804,Bachelors,58,>50K
51,Female,Gov,150305,11th,48,<=50K
50,Female,Gov,118532,Bachelors,60,<=50K
19,Female,Private,190668,Some-college,48,>50K
56,Female,Self-emp,341174,Bachelors,42,<=50K
48,Male,Gov,221776,11th,58,>50K
63,Male,Gov,319836,Some-college,52,>50K
26,Female,Private,177993,Some-college,55,<=50K
28,Female,Private,272795,Some-college,54,>50K
33,Male,Private,365896,Some-college,25,>50K
45,Male,Private,191180,Masters,37,>50K
64,Female,Gov,269719,Some-college,27,>50K
52,Female,Private,382694,11th,34,>50K
59,Female,Self-emp,396146,Some-college,44,<=50K
32,Male,Self-emp,80654,11th,25,>50K
23,Female,Gov,330483,HS-grad,27,<=50K
26,Female,Self-emp,322470,Some-college,20,<=50K
21,Male,Self-emp,242140,11th,43,>50K
51,Male,Private,227257,Bachelors,54,<=50K
38,Male,Self-emp,134768,Masters,49,>50K
56,Female,Private,368835,Some-college,22,<=50K
37,Male,Self-emp,390421,Assoc,50,>50K
49,Female,Gov,217503,Bachelors,41,>50K
63,Male,Gov,138002,Some-college,23,>50K
49,Female,Self-emp,365637,HS-grad,21,<=50K
39,Female,Gov,268209,11th,45,<=50K
22,Female,Self-emp,385101,HS-grad,55,<=50K
24,Male,Self-emp,324288,Bachelors,39,<=50K
59,Male,Gov,92121,Masters,50,<=50K
27,Male,Private,122579,Some-college,20,<=50K
64,Male,Gov,97387,Masters,47,>50K
21,Male,Self-emp,268447,HS-grad,23,>50K
50,Female,Gov,247447,HS-grad,60,<=50K
33,Male,Private,146277,Masters,51,<=50K
62,Male,Gov,216802,Some-college,25,<=50K
59,Female,Self-emp,351524,Some-college,48,<=50K
18,Male,Private,63325,Bachelors,51,>50K
19,Female,Self-emp,383712,Some-college,26,>50K
42,Female,Gov,388436,Masters,39,>50K
24,Female,Private,394220,Assoc,31,<=50K
62,Male,Self-emp,311535,Assoc,53,<=50K
22,Male,Private,365286,Bachelors,31,>50K
18,Female,Self-emp,84511,Bachelors,28,>50K
59,Male,Private,314910,11th,22,>50K
25,Female,Self-emp,305436,HS-grad,47,>50K
33,Female,Private,292337,11th,54,<=50K
26,Female,Gov,184068,Assoc,42,>50K
62,Male,Gov,43454,HS-grad,22,>50K
27,Female,Private,90363,Assoc,55,>50K
55,Female,Self-emp,87366,Some-college,59,<=50K
22,Female,Self-emp,220163,Some-college,30,<=50K
47,Male,Self-emp,374694,Masters,29,>50K
22,Female,Gov,385325,Some-college,32,<=50K
54,Male,Self-emp,100473,11th,47,<=50K
19,Male,Private,161623,Bachelors,54,>50K
61,Female,Private,192678,Some-college,25,<=50K
39,Female,Private,138366,11th,20,>50K
42,Male,Self-emp,75051,Bachelors,31,<=50K
55,Female,Private,297327,11th,56,<=50K
53,Female,Gov,71939,Bachelors,30,<=50K
42,Male,Self-emp,375368,Assoc,55,<=50K
48,Male,Self-emp,24979,Some-college,52,>50K
60,Male,Private,218600,Assoc,37,>50K
64,Female,Gov,150606,Some-college,58,<=50K
63,Female,Private,250141,11th,49,<=50K
35,Female,Gov,396683,HS-grad,39,>50K
37,Female,Self-emp,67259,Some-college,25,>50K
64,Male,Private,106566,Assoc,23,>50K
65,Female,Gov,278395,Bachelors,47,>50K
48,Female,Gov,379201,Some-college,54,>50K
43,Male,Gov,119711,Some-college,20,<=50K
62,Female,Private,366645,Assoc,58,>50K
56,Female,Private,373643,Assoc,34,>50K
22,Female,Private,289318,11th,23,<=50K
49,Female,Private,215708,Bachelors,41,>50K
52,Male,Self-emp,176855,Masters,38,<=50K
31,Male,Gov,350918,Assoc,45,>50K
37,Male,Self-emp,343878,Masters,23,<=50K
18,Female,Self-emp,176421,11th,26,>50K
40,Male,Self-emp,205877,Bachelors,26,<=50K
49,Male,Private,297398,Assoc,29,<=50K
25,Female,Private,101595,Some-college,36,>50K
48,Female,Self-emp,176911,11th,47,>50K
52,Female,Private,249938,Some-college,48,>50K
26,Female,Gov,247520,Bachelors,42,>50K
25,Male,Self-emp,41105,HS-grad,45,<=50K
65,Female,Private,104049,Some-college,32,<=50K
60,Female,Private,240775,Masters,55,<=50K
61,Male,Self-emp,229650,Assoc,44,>50K
25,Male,Private,86125,HS-grad,42,>50K
61,Male,Private,375629,11th,47,>50K
45,Female,Self-emp,167966,Masters,25,<=50K
33,Male,Gov,288036,HS-grad,35,<=50K
25,Female,Gov,149684,Some-college,47,>50K
48,Male,Gov,283367,Assoc,31,>50K
55,Male,Private,83156,HS-grad,45,>50K
35,Male,Private,243505,Bachelors,59,>50K
23,Male,Self-emp,233541,Assoc,39,>50K
32,Female,Self-emp,271236,Bachelors,52,<=50K
59,Male,Self-emp,77700,11th,43,<=50K
40,Female,Private,187688,Bachelors,31,>50K
18,Male,Gov,188631,HS-grad,38,<=50K
35,Male,Self-emp,116909,11th,51,<=50K
39,Female,Private,70796,Some-college,20,>50K
39,Female,Gov,209469,Some-college,57,<=50K
33,Female,Private,326355,Masters,25,>50K
26,Male,Private,327527,Some-college,32,>50K
63,Female,Private,59258,Assoc,59,<=50K
37,Female,Private,299737,Some-college,29,>50K
26,Male,Self-emp,308618,Some-college,36,<=50K
41,Female,Gov,396085,Bachelors,47,>50K
48,Female,Gov,284172,Bachelors,30,<=50K
62,Male,Self-emp,43826,Assoc,23,>50K
65,Female,Self-emp,378976,Assoc,52,>50K
28,Female,Gov,221405,Assoc,44,<=50K
56,Female,Private,116503,Bachelors,30,>50K
55,Male,Gov,258782,Assoc,53,<=50K
37,Male,Self-emp,391329,11th,55,>50K
28,Male,Private,299742,HS-grad,38,>50K
58,Male,Self-emp,89715,11th,23,>50K
31,Male,Private,360077,11th,60,<=50K
38,Male,Gov,307978,11th,28,<=50K
57,Female,Self-emp,50022,Some-college,20,<=50K
32,Female,Private,154211,Bachelors,54,>50K
64,Female,Gov,154922,Some-college,60,>50K
46,Male,Self-emp,160925,HS-grad,57,<=50K
27,Female,Private,247490,11th,29,<=50K
23,Female,Private,260852,HS-grad,31,>50K
54,Female,Gov,114585,Some-college,38,>50K
37,Male,Private,226672,Some-college,58,>50K
22,Male,Private,243553,HS-grad,49,<=50K
24,Male,Gov,26180,Assoc,26,<=50K
42,Male,Private,27105,Some-college,22,>50K
33,Male,Self-emp,94782,Some-college,58,>50K
18,Male,Gov,197413,Some-college,25,>50K
26,Female,Gov,252954,HS-grad,39,<=50K
48,Male,Private,49294,Assoc,37,>50K
19,Male,Private,305549,11th,26,<=50K
27,Male,Private,32583,HS-grad,47,<=50K
27,Female,Gov,170390,HS-grad,44,>50K
49,Male,Private,137714,Bachelors,38,<=50K
22,Female,Private,209002,Bachelors,22,>50K
29,Female,Gov,195554,Assoc,31,<=50K
27,Female,Gov,170473,11th,26,<=50K
49,Female,Self-emp,392929,Bachelors,20,>50K
59,Male,Self-emp,97479,Masters,48,<=50K
22,Male,Gov,244108,Some-college,37,>50K
23,Female,Private,115353,Masters,42,<=50K
49,Female,Self-emp,383552,Masters,58,<=50K
26,Male,Self-emp,239498,Assoc,51,<=50K
52,Male,Self-emp,63839,Assoc,46,>50K
62,Male,Private,209639,Bachelors,33,>50K
41,Female,Private,77753,Bachelors,42,<=50K
26,Female,Self-emp,95570,Assoc,46,>50K
31,Male,Private,92247,Bachelors,29,<=50K
64,Male,Gov,242669,11th,23,>50K
60,Male,Self-emp,331388,HS-grad,21,>50K
41,Male,Private,148474,Bachelors,20,<=50K
27,Male,Self-emp,93459,Some-college,53,<=50K
48,Female,Gov,196861,Masters,20,<=50K
25,Male,Private,356831,Bachelors,58,>50K
50,Male,Private,227822,Masters,49,<=50K
54,Female,Gov,139178,Masters,30,<=50K
23,Female,Private,131077,Masters,59,>50K
32,Female,Private,313231,Assoc,24,<=50K
48,Female,Gov,356535,Masters,44,>50K
21,Female,Gov,242414,HS-grad,37,>50K
24,Male,Self-emp,336245,11th,21,>50K
36,Male,Gov,75818,Bachelors,33,>50K
37,Male,Gov,125762,Some-college,22,>50K
35,Male,Gov,316116,Bachelors,56,<=50K
20,Male,Self-emp,68869,11th,20,<=50K
36,Female,Gov,122175,11th,45,<=50K
26,Male,Self-emp,233535,Some-college,52,>50K
50,Male,Private,327849,Masters,50,>50K
36,Male,Private,377760,Masters,25,>50K
63,Male,Private,377281,Some-college,29,>50K
50,Female,Self-emp,88785,11th,38,<=50K
57,Female,Private,393692,Some-college,44,>50K
31,Male,Private,317219,Some-college,51,>50K
18,Male,Self-emp,306856,Bachelors,51,>50K
47,Female,Private,174983,HS-grad,24,<=50K
54,Female,Self-emp,66781,Bachelors,31,<=50K
34,Female,Self-emp,251759,Some-college,28,>50K
54,Female,Private,210564,11th,45,<=50K
57,Male,Self-emp,212273,Assoc,59,<=50K
41,Male,Gov,236632,Assoc,48,<=50K
61,Male,Gov,357571,Bachelors,35,>50K
27,Male,Self-emp,217038,HS-grad,56,<=50K
22,Male,Self-emp,262367,Some-college,25,<=50K
47,Female,Gov,300554,Masters,26,>50K
29,Male,Self-emp,247076,HS-grad,45,<=50K
22,Female,Self-emp,336863,Masters,33,<=50K
25,Female,Self-emp,40070,Assoc,29,<=50K
27,Male,Self-emp,317903,Bachelors,58,<=50K
21,Female,Self-emp,268202,HS-grad,23,>50K
19,Female,Self-emp,152157,Some-college,31,>50K
27,Male,Self-emp,232372,Bachelors,39,<=50K
44,Male,Gov,156025,HS-grad,23,>50K
45,Female,Self-emp,106262,HS-grad,42,<=50K
48,Female,Gov,381145,HS-grad,47,<=50K
62,Female,Private,314077,Assoc,32,>50K
64,Male,Self-emp,368160,Some-college,40,>50K
27,Female,Private,281853,11th,27,<=50K
34,Male,Self-emp,85912,Some-college,48,>50K
20,Male,Gov,118386,Masters,54,>50K
56,Female,Private,202497,HS-grad,32,>50K
41,Female,Private,178305,11th,52,>50K
62,Female,Gov,259074,Masters,46,<=50K
40,Female,Gov,196069,Bachelors,31,<=50K
45,Female,Private,309802,Assoc,30,<=50K
42,Female,Gov,380998,Some-college,47,<=50K
62,Male,Private,74427,Bachelors,21,<=50K
24,Female,Gov,347064,Assoc,26,<=50K
50,Male,Gov,171993,Masters,33,>50K
47,Female,Private,122529,Masters,27,<=50K
47,Female,Gov,389012,Some-college,45,>50K
41,Male,Gov,168690,11th,36,<=50K
44,Male,Private,237347,Bachelors,20,>50K
27,Female,Gov,334544,11th,41,>50K
54,Female,Private,311367,Masters,32,<=50K
21,Female,Private,353590,Masters,31,<=50K
38,Male,Self-emp,141094,Bachelors,28,>50K
58,Female,Gov,156435,Assoc,30,<=50K
31,Male,Private,33442,Masters,20,>50K
19,Male,Gov,220490,Bachelors,28,<=50K
58,Female,Private,145683,Some-college,34,<=50K
30,Male,Gov,218236,11th,23,<=50K
23,Male,Gov,32132,Some-college,57,>50K
25,Female,Gov,84321,Bachelors,29,<=50K
34,Male,Private,60570,Masters,43,>50K
43,Male,Self-emp,31511,Masters,24,<=50K
58,Male,Private,380362,Masters,44,<=50K
58,Female,Private,114270,11th,20,>50K
60,Male,Private,199731,11th,50,>50K
28,Female,Private,121106,Assoc,21,>50K
51,Male,Private,211307,Bachelors,33,>50K
38,Male,Private,63748,Some-college,28,<=50K
35,Female,Private,68218,11th,55,<=50K
47,Female,Self-emp,288779,Masters,32,<=50K
29,Male,Gov,396122,11th,45,>50K
55,Female,Private,127915,Some-college,51,<=50K
46,Female,Gov,162435,11th,59,>50K
56,Female,Self-emp,124711,Assoc,42,<=50K
58,Male,Self-emp,107686,Bachelors,52,<=50K
55,Female,Self-emp,336608,Some-college,53,<=50K
43,Male,Private,114321,11th,47,>50K
40,Male,Private,132818,Some-college,43,<=50K
27,Female,Private,25050,11th,20,<=50K
31,Female,Gov,188590,HS-grad,55,>50K
42,Female,Gov,131240,Assoc,33,>50K
53,Female,Gov,338716,Some-college,24,<=50K
61,Female,Self-emp,187835,HS-grad,32,>50K
49,Female,Private,163872,Masters,27,>50K
46,Male,Gov,191376,Assoc,44,>50K
54,Male,Self-emp,29351,Some-college,56,>50K
47,Female,Private,231188,Bachelors,54,>50K
39,Male,Private,266359,Bachelors,46,<=50K
35,Female,Self-emp,229895,Bachelors,55,<=50K
49,Male,Self-emp,176470,Some-college,49,<=50K
59,Male,Self-emp,343997,Bachelors,21,>50K
21,Male,Private,75121,11th,47,>50K
28,Male,Private,399641,11th,54,>50K
62,Male,Self-emp,42584,Bachelors,23,<=50K
22,Female,Self-emp,380669,Assoc,44,<=50K
62,Male,Private,325897,Masters,27,>50K
38,Male,Gov,236685,Some-college,48,>50K
51,Male,Gov,270571,Some-college,51,<=50K
38,Female,Private,68129,11th,38,>50K
40,Male,Gov,359284,Some-college,33,>50K
22,Female,Private,131398,Bachelors,33,<=50K
42,Male,Self-emp,74806,11th,33,<=50K
37,Female,Gov,100739,Assoc,26,>50K
32,Female,Self-emp,257204,Assoc,52,>50K
43,Male,Private,165667,Masters,30,<=50K
54,Male,Private,261672,Bachelors,27,>50K
19,Female,Private,159857,Bachelors,50,<=50K
40,Female,Private,308517,Bachelors,42,<=50K
31,Male,Self-emp,283292,Masters,52,<=50K
21,Female,Self-emp,213871,Bachelors,23,<=50K
64,Female,Private,174143,HS-grad,45,>50K
56,Female,Gov,338477,Masters,53,<=50K
24,Male,Gov,150518,Bachelors,34,>50K
21,Male,Gov,159554,HS-grad,24,>50K
35,Male,Gov,386745,Some-college,45,<=50K
43,Male,Private,382641,11th,51,>50K
28,Male,Self-emp,353918,11th,58,<=50K
64,Male,Private,117034,Assoc,59,<=50K
65,Female,Gov,145105,HS-grad,40,>50K
28,Male,Self-emp,258664,HS-grad,20,<=50K
45,Female,Private,113069,11th,24,>50K
61,Male,Gov,204624,Masters,57,>50K
49,Male,Self-emp,77349,Bachelors,21,<=50K
32,Male,Private,69235,Bachelors,39,<=50K
46,Female,Gov,203910,Assoc,36,<=50K
34,Female,Self-emp,27109,11th,39,<=50K
51,Female,Private,161524,Some-college,53,>50K
27,Female,Private,365698,HS-grad,42,<=50K
19,Male,Gov,384802,Masters,43,>50K
65,Male,Private,218064,Some-college,26,<=50K
58,Female,Gov,111725,11th,42,<=50K
43,Female,Self-emp,182174,HS-grad,22,<=50K
57,Male,Self-emp,258565,Assoc,42,<=50K
25,Male,Self-emp,379413,HS-grad,49,>50K
51,Female,Gov,312626,Some-college,30,<=50K
49,Female,Private,174521,Bachelors,49,>50K
31,Female,Gov,84715,Bachelors,51,<=50K
18,Female,Self-emp,366162,Bachelors,23,<=50K
26,Female,Self-emp,283189,Some-college,55,>50K
23,Female,Private,123141,Masters,57,>50K
36,Male,Private,268081,11th,35,<=50K
45,Female,Private,156975,11th,58,<=50K
29,Female,Gov,189072,Assoc,28,>50K
34,Male,Self-emp,310604,HS-grad,39,<=50K
23,Female,Gov,349420,Masters,54,>50K
42,Female,Private,92671,Assoc,48,<=50K
50,Female,Self-emp,205699,Masters,49,<=50K
44,Female,Private,313029,Bachelors,46,>50K
26,Female,Private,324256,Assoc,43,>50K
57,Female,Private,225866,HS-grad,45,>50K
47,Female,Private,64385,Bachelors,37,>50K
39,Male,Self-emp,316455,Masters,41,>50K
25,Male,Gov,127512,Assoc,29,<=50K
26,Male,Gov,355370,HS-grad,39,<=50K
64,Male,Self-emp,346979,Some-college,32,>50K
22,Male,Private,336560,Bachelors,53,>50K
33,Male,Private,268377,Bachelors,52,<=50K
43,Male,Private,177246,Masters,50,>50K
33,Female,Gov,377208,Masters,59,>50K
45,Male,Gov,31354,HS-grad,29,>50K
28,Male,Self-emp,271902,11th,38,>50K
55,Female,Self-emp,370066,11th,45,<=50K
62,Male,Self-emp,238573,Masters,29,>50K
36,Female,Private,315808,Masters,20,<=50K
20,Female,Private,205979,HS-grad,49,<=50K
35,Male,Private,207562,Assoc,52,>50K
40,Female,Gov,52907,HS-grad,29,<=50K
59,Female,Self-emp,394961,HS-grad,37,<=50K
43,Male,Gov,273621,Masters,50,>50K
54,Female,Private,385831,11th,57,<=50K
55,Female,Private,43555,Bachelors,30,>50K
24,Male,Self-emp,376160,Masters,40,>50K
64,Male,Private,111225,Some-college,44,<=50K
22,Male,Gov,151325,Bachelors,22,>50K
46,Female,Gov,350979,Bachelors,31,<=50K
24,Female,Self-emp,89843,Some-college,56,>50K
30,Female,Self-emp,249383,Some-college,38,>50K
30,Male,Self-emp,297101,HS-grad,25,>50K
58,Male,Private,37426,HS-grad,20,<=50K
44,Male,Self-emp,117152,Some-college,53,<=50K
30,Male,Gov,268372,Assoc,42,<=50K
57,Male,Private,250098,Masters,60,<=50K
22,Male,Private,291186,11th,26,>50K
49,Male,Private,335353,Assoc,41,>50K
32,Female,Self-emp,224695,Some-college,42,>50K
28,Female,Private,300191,Assoc,35,<=50K
43,Male,Gov,385700,Bachelors,57,<=50K
34,Male,Private,197233,Masters,36,>50K
39,Male,Private,127077,Assoc,41,>50K
33,Female,Private,315623,Assoc,22,<=50K
22,Female,Gov,341091,Bachelors,55,<=50K
26,Female,Gov,41884,Bachelors,22,<=50K
50,Male,Gov,203635,Masters,50,<=50K
32,Male,Private,33816,HS-grad,54,<=50K
61,Male,Gov,272797,Bachelors,44,<=50K
62,Male,Self-emp,387702,Masters,55,>50K
25,Female,Private,342779,11th,42,>50K
39,Female,Private,144869,HS-grad,25,>50K
32,Female,Gov,301132,Assoc,22,>50K
64,Male,Private,60166,Bachelors,28,<=50K
29,Female,Private,184692,11th,58,>50K
36,Male,Gov,228571,Masters,27,>50K
22,Female,Gov,127930,Masters,42,>50K
46,Female,Self-emp,309095,11th,35,<=50K
38,Male,Private,201736,Masters,59,<=50K
35,Male,Private,91896,Assoc,34,<=50K
65,Male,Private,215239,Some-college,29,>50K
33,Female,Gov,257902,Bachelors,21,<=50K
20,Female,Self-emp,328407,Masters,39,>50K
21,Female,Gov,221293,Masters,21,<=50K
42,Female,Private,137675,HS-grad,44,>50K
60,Female,Gov,47399,Some-college,39,>50K
52,Female,Private,339154,11th,36,>50K
19,Female,Gov,345860,Masters,47,>50K
24,Female,Gov,375451,11th,54,<=50K
45,Female,Private,219906,Masters,35,>50K
18,Female,Gov,163860,Bachelors,35,<=50K
39,Female,Private,342724,11th,43,<=50K
60,Female,Gov,338766,Bachelors,27,<=50K
54,Female,Self-emp,113734,Masters,49,>50K
46,Male,Self-emp,39400,11th,50,>50K
44,Male,Gov,61705,11th,59,<=50K
22,Female,Private,155269,11th,36,<=50K
26,Male,Gov,111485,HS-grad,59,>50K
32,Male,Gov,40186,HS-grad,52,<=50K
55,Female,Private,310145,Some-college,34,>50K
63,Female,Self-emp,28450,Some-college,42,>50K
56,Male,Self-emp,77233,Bachelors,52,<=50K
25,Male,Private,126976,11th,56,<=50K
61,Female,Private,356533,Masters,38,>50K
19,Female,Gov,208894,11th,46,<=50K
48,Female,Gov,36335,HS-grad,43,>50K
36,Male,Gov,33387,Bachelors,58,>50K
38,Female,Private,218621,Assoc,22,>50K
42,Male,Private,137745,Assoc,52,<=50K
52,Male,Gov,46964,Assoc,50,<=50K
38,Female,Private,321593,11th,35,<=50K
33,Female,Private,258981,11th,27,>50K
46,Female,Self-emp,61780,11th,55,>50K
41,Female,Gov,140769,Masters,46,>50K
54,Male,Gov,148421,Masters,57,>50K
56,Female,Self-emp,199081,11th,27,>50K
44,Female,Gov,97803,Assoc,51,>50K
29,Female,Private,107436,Bachelors,46,<=50K
53,Female,Gov,72950,HS-grad,22,<=50K
19,Male,Private,89404,Assoc,53,<=50K
45,Female,Private,230930,Some-college,55,>50K
63,Female,Private,196584,11th,57,>50K
64,Male,Private,206100,Masters,46,<=50K
65,Female,Self-emp,270140,Some-college,28,>50K
64,Male,Private,24080,Assoc,57,<=50K
61,Female,Self-emp,188001,Masters,31,<=50K
24,Male,Self-emp,278627,11th,23,<=50K
36,Female,Self-emp,187026,HS-grad,29,>50K
65,Male,Self-emp,292176,11th,56,<=50K
24,Female,Self-emp,106818,Bachelors,38,<=50K
49,Female,Private,108772,11th,36,>50K
32,Female,Private,70319,HS-grad,55,>50K
19,Male,Gov,302022,HS-grad,20,<=50K
19,Female,Private,167764,Assoc,47,<=50K
51,Male,Self-emp,174634,Bachelors,27,<=50K
45,Female,Self-emp,65541,HS-grad,37,>50K
40,Male,Gov,136623,Some-college,24,<=50K
28,Female,Self-emp,257745,Some-college,52,>50K
63,Female,Private,247214,Bachelors,53,<=50K
30,Male,Gov,348878,Bachelors,35,>50K
55,Female,Private,373028,HS-grad,36,<=50K
27,Female,Private,280427,11th,28,>50K
58,Male,Gov,399208,Some-college,33,>50K
45,Male,Self-emp,312414,Assoc,33,>50K
20,Female,Gov,157926,Assoc,44,>50K
58,Female,Self-emp,298114,Some-college,31,<=50K
32,Female,Gov,274311,Masters,60,<=50K
56,Female,Gov,272161,11th,26,>50K
25,Female,Self-emp,254447,11th,35,<=50K
25,Male,Self-emp,187198,Some-college,27,<=50K
62,Female,Gov,87139,Masters,51,<=50K
61,Male,Private,172531,11th,52,>50K
44,Male,Gov,189445,11th,40,<=50K
43,Female,Self-emp,229022,11th,23,<=50K
49,Male,Self-emp,353586,Bachelors,39,<=50K
44,Male,Gov,107312,Assoc,33,>50K
57,Female,Private,337173,Assoc,21,>50K
42,Male,Gov,194738,11th,55,>50K
59,Male,Gov,130343,11th,54,>50K
28,Female,Gov,140237,11th,30,<=50K
39,Female,Private,309905,Some-college,35,>50K
20,Male,Gov,73750,Assoc,45,<=50K
20,Male,Self-emp,178055,Bachelors,34,>50K
20,Female,Gov,84824,Masters,45,>50K
65,Female,Private,60122,Bachelors,52,<=50K
19,Male,Gov,304005,Assoc,29,>50K
65,Female,Private,337556,11th,40,<=50K
50,Male,Self-emp,163680,Masters,32,>50K
34,Female,Self-emp,172692,Masters,25,>50K
44,Female,Self-emp,169119,Some-college,54,>50K
42,Male,Self-emp,226383,11th,54,>50K
46,Male,Gov,33050,Masters,34,<=50K
41,Female,Gov,77120,Some-college,39,<=50K
27,Male,Private,314065,HS-grad,33,<=50K
55,Male,Private,94097,Masters,59,<=50K
51,Male,Private,278693,11th,46,<=50K
65,Female,Private,39141,11th,56,<=50K
18,Female,Gov,129693,Assoc,51,<=50K
38,Male,Self-emp,261891,Some-college,50,>50K
24,Female,Gov,60634,Masters,28,>50K
28,Male,Private,123477,Masters,27,>50K
45,Female,Private,348290,Assoc,51,>50K
65,Female,Self-emp,24854,11th,27,<=50K
36,Female,Gov,189023,Assoc,43,>50K
27,Female,Gov,379149,HS-grad,59,<=50K
51,Female,Self-emp,262682,HS-grad,41,>50K
28,Female,Private,186560,Masters,31,>50K
48,Male,Private,183494,Some-college,32,>50K
62,Male,Gov,260435,11th,26,>50K
57,Female,Gov,102026,Bachelors,42,>50K
40,Male,Private,163959,11th,47,<=50K
41,Female,Self-emp,314184,Assoc,32,>50K
55,Male,Private,133477,11th,31,<=50K
54,Male,Private,293844,Assoc,44,<=50K
54,Female,Gov,342902,Some-college,50,>50K
28,Male,Private,133478,Bachelors,59,>50K
27,Male,Self-emp,20129,11th,24,>50K
26,Female,Self-emp,368568,Masters,40,<=50K
50,Male,Private,313677,Masters,44,<=50K
63,Female,Self-emp,183452,Assoc,40,>50K
56,Male,Private,352277,11th,29,<=50K
53,Female,Self-emp,384432,11th,27,<=50K
59,Female,Private,33262,11th,49,<=50K
64,Female,Private,343472,Assoc,32,<=50K
41,Male,Gov,25595,HS-grad,48,<=50K
51,Male,Private,327331,11th,41,>50K
41,Female,Gov,26812,Assoc,37,>50K
59,Female,Gov,270994,Masters,22,<=50K
35,Male,Gov,35952,Some-college,50,<=50K
49,Male,Self-emp,359501,Assoc,26,>50K
41,Male,Gov,393980,HS-grad,31,>50K
23,Female,Private,49385,Masters,60,>50K
38,Male,Gov,165478,HS-grad,59,>50K
39,Female,Gov,108716,Assoc,43,>50K
60,Female,Self-emp,370078,Some-college,23,>50K
30,Male,Gov,159794,Bachelors,31,<=50K
20,Female,Gov,124167,Some-college,52,<=50K
29,Male,Self-emp,163530,Assoc,42,>50K
39,Female,Gov,385057,Bachelors,56,<=50K
23,Male,Private,115683,Some-college,25,>50K
38,Male,Private,25472,HS-grad,60,<=50K
47,Male,Gov,149358,11th,32,>50K
37,Male,Self-emp,390102,11th,31,<=50K
26,Female,Self-emp,138468,HS-grad,37,>50K
29,Female,Self-emp,385721,Masters,36,>50K
49,Female,Gov,210638,11th,53,<=50K
58,Male,Private,326825,Masters,29,>50K
62,Female,Self-emp,358694,Some-college,38,>50K
39,Female,Private,289102,HS-grad,36,>50K
47,Female,Private,80449,Assoc,60,>50K
48,Male,Self-emp,327663,11th,43,<=50K
60,Male,Self-emp,387677,Bachelors,60,<=50K  